committedAt,commit,allocation,delta,confidence,subject,surfaces,fromPoint,toPoint,reason
2026-07-29T04:14:26+08:00,8a9a7a61ad2a271133401f27cabba6b95ed764d7,estimated-from-checkpoint-delta,-0.001115,0.35,chore(lynxtron): bring certification evidence and reports under version control,shell+settings+composer,baseline-geometry,native-readiness,"lowered checkpoint loss through shell, settings, composer changes; attribution is proportional to touched-surface loss and change size."
2026-07-29T04:16:59+08:00,7146bf1605df53ce4e5303e4bd39630eea735dcf,estimated-from-checkpoint-delta,-0.000007,0.35,docs(lynxtron): evidence inventory — backup ref push is a pending manual step,shell,baseline-geometry,native-readiness,lowered checkpoint loss through shell changes; attribution is proportional to touched-surface loss and change size.
2026-07-29T04:21:34+08:00,a56a3872dc0f2e5fafbd3af6d0ea456d4ceeed8f,estimated-from-checkpoint-delta,-0.00005,0.35,ci: add minimal Lynxtron CI for the lynxtron-port branch,shell,baseline-geometry,native-readiness,lowered checkpoint loss through shell changes; attribution is proportional to touched-surface loss and change size.
2026-07-29T04:21:51+08:00,4cd9296e5a3f0f87481ea3815f94c07537f19ad3,estimated-from-checkpoint-delta,-0.000012,0.35,docs(lynxtron): tier certification into slice-level and phase-exit batteries,shell,baseline-geometry,native-readiness,lowered checkpoint loss through shell changes; attribution is proportional to touched-surface loss and change size.
2026-07-29T04:27:07+08:00,46d60e7016b67fd5729330e3f1ee5104ba7a39bd,estimated-from-checkpoint-delta,-0.00003,0.35,docs(lynxtron): draft ready-to-file upstream issues for R1-R11,shell,baseline-geometry,native-readiness,lowered checkpoint loss through shell changes; attribution is proportional to touched-surface loss and change size.
2026-07-29T05:20:53+08:00,ab771d0ca81a9534a89bd9321bb1dcbd60090c16,estimated-from-checkpoint-delta,-0.000315,0.35,feat(lynxtron): native <list> chat transcript on a shared projection,shell+transcript,baseline-geometry,native-readiness,"lowered checkpoint loss through shell, transcript changes; attribution is proportional to touched-surface loss and change size."
2026-07-29T05:22:10+08:00,cd7656fa4c14f962e6bfcd96f0298c8d140c13f7,estimated-from-checkpoint-delta,-0.000104,0.35,chore(lynxtron): refresh reuse report after shared transcript extraction,shell,baseline-geometry,native-readiness,lowered checkpoint loss through shell changes; attribution is proportional to touched-surface loss and change size.
2026-07-29T09:25:51+08:00,59367f2c460f08de17b26dc2f1addd8d4390ae43,estimated-from-checkpoint-delta,-0.000133,0.35,feat(lynxtron): shared transcript follow/detach state machine (P2-S3),shell+transcript,baseline-geometry,native-readiness,"lowered checkpoint loss through shell, transcript changes; attribution is proportional to touched-surface loss and change size."
2026-07-29T11:27:13+08:00,3ce151b7c561e70ecd5e8ae1770e555d2468fe4c,estimated-from-checkpoint-delta,-0.000038,0.35,feat(lynxtron): P3-S1 keyboard/push capability probe (R3/R5 runtime facts),shell,baseline-geometry,native-readiness,lowered checkpoint loss through shell changes; attribution is proportional to touched-surface loss and change size.
2026-07-29T11:39:12+08:00,2de725900b235335fcfa8a11b1935a7ac124d8ec,estimated-from-checkpoint-delta,-0.000039,0.35,fix(lynxtron): correct transcript evidence viewports; add 1440x900 capture,transcript,baseline-geometry,native-readiness,lowered checkpoint loss through transcript changes; attribution is proportional to touched-surface loss and change size.
2026-07-29T11:40:17+08:00,ab690e9c710250e7744fcd118a0cc89efa8e07ee,estimated-from-checkpoint-delta,-0.000007,0.35,docs(lynxtron): note transcript evidence viewport correction in status,shell,baseline-geometry,native-readiness,lowered checkpoint loss through shell changes; attribution is proportional to touched-surface loss and change size.
2026-07-29T14:06:28+08:00,0aa7a7c3ad201baa44519b138ac2f670a27452b7,estimated-from-checkpoint-delta,-0.000096,0.35,chore(lynxtron): upgrade lynxtron 0.0.5 -> 0.0.7; re-probe gaps; file upstream issues,shell+transcript,baseline-geometry,native-readiness,"lowered checkpoint loss through shell, transcript changes; attribution is proportional to touched-surface loss and change size."
2026-07-30T04:41:46+08:00,556765d6cc0b19b538967e40b87b64ff81588d9d,estimated-from-checkpoint-delta,-0.005228,0.35,Merge origin/main into lynxtron-port,,baseline-geometry,native-readiness,lowered checkpoint loss through cross-cutting changes; attribution is proportional to touched-surface loss and change size.
2026-07-30T05:25:14+08:00,f12a447d3895d779788259fb66db6f8edaba71a4,estimated-from-checkpoint-delta,-0.000447,0.35,feat(lynxtron): converge Sidebar V2 composition,shell+settings,baseline-geometry,native-readiness,"lowered checkpoint loss through shell, settings changes; attribution is proportional to touched-surface loss and change size."
2026-07-30T05:49:07+08:00,8ded01ddc26d9714a6cff72c63b71738545f833e,estimated-from-checkpoint-delta,-0.000069,0.35,feat(lynxtron): bridge discrete keyboard commands,shell+settings+overlays,baseline-geometry,native-readiness,"lowered checkpoint loss through shell, settings, overlays changes; attribution is proportional to touched-surface loss and change size."
2026-07-30T06:06:38+08:00,2f809b7a927c7cbb92f5d4a53e2862291f58a844,estimated-from-checkpoint-delta,-0.000107,0.35,feat(lynxtron): finish P2 transcript presentation,shell+transcript,baseline-geometry,native-readiness,"lowered checkpoint loss through shell, transcript changes; attribution is proportional to touched-surface loss and change size."
2026-07-30T06:20:30+08:00,2c22c87938487ae438064dc53fcacae1664a2cda,estimated-from-checkpoint-delta,-0.000034,0.35,chore(lynxtron): upgrade to 0.0.8 and repro runtime gaps,shell,baseline-geometry,native-readiness,lowered checkpoint loss through shell changes; attribution is proportional to touched-surface loss and change size.
2026-07-31T04:01:47+08:00,1921abd6e4e626ce4e7a972f4426e2c689b2f30a,estimated-from-checkpoint-delta,-0.000054,0.35,docs(lynxtron): reset port around shared product source,shell,baseline-geometry,native-readiness,lowered checkpoint loss through shell changes; attribution is proportional to touched-surface loss and change size.
2026-07-31T06:09:10+08:00,1c8205d73c17d9705a336147064915f509832ff8,estimated-from-checkpoint-delta,-0.00056,0.35,Merge remote-tracking branch 'origin/main' into lynxtron-port,,baseline-geometry,native-readiness,lowered checkpoint loss through cross-cutting changes; attribution is proportional to touched-surface loss and change size.
2026-07-31T06:22:54+08:00,87a872a4bbe87f9eed05778755907c912adb9c89,estimated-from-checkpoint-delta,-0.000188,0.35,chore(lynxtron): record AR0 baseline after upstream merge,shell,baseline-geometry,native-readiness,lowered checkpoint loss through shell changes; attribution is proportional to touched-surface loss and change size.
2026-07-31T07:27:58+08:00,1c05fbd913b0196607083fea0be966a01f077b8e,estimated-from-checkpoint-delta,-0.000123,0.35,feat(lynxtron): prove main-owned connector behind flag,shell,baseline-geometry,native-readiness,lowered checkpoint loss through shell changes; attribution is proportional to touched-surface loss and change size.
2026-07-31T07:53:01+08:00,c90ecd99125ee792b67c7c404457327e9f263352,estimated-from-checkpoint-delta,-0.000073,0.35,feat(lynxtron): cut over to the main-owned connector transport,shell+settings,baseline-geometry,native-readiness,"lowered checkpoint loss through shell, settings changes; attribution is proportional to touched-surface loss and change size."
2026-07-31T09:20:29+08:00,9f22f5aa304171c2063c8ebdb967a0d52c45cdd9,estimated-from-checkpoint-delta,-0.000301,0.35,"feat(lynxtron,web): converge transcript composition on one shared surface",shell+transcript,baseline-geometry,native-readiness,"lowered checkpoint loss through shell, transcript changes; attribution is proportional to touched-surface loss and change size."
2026-07-31T11:35:30+08:00,1dcca89fc8ba70bd388a92b79254cc7b71d124fa,estimated-from-checkpoint-delta,-0.000236,0.35,"feat(lynxtron,web): converge Composer chrome on one shared surface",shell+composer+transcript,baseline-geometry,native-readiness,"lowered checkpoint loss through shell, composer, transcript changes; attribution is proportional to touched-surface loss and change size."
2026-07-31T20:45:33+08:00,984c5a121409baf28d5faeac2d445235a5edc96c,estimated-from-checkpoint-delta,-0.000116,0.35,"feat(lynxtron,web): share model picker and palette compositions",shell+overlays,baseline-geometry,native-readiness,"lowered checkpoint loss through shell, overlays changes; attribution is proportional to touched-surface loss and change size."
2026-08-01T03:25:47+08:00,6cd7b0fe76505f47648f5321689420ba141692b2,estimated-from-checkpoint-delta,-0.00015,0.35,"feat(lynxtron,web): converge settings panels on shared surfaces",shell+settings,baseline-geometry,native-readiness,"lowered checkpoint loss through shell, settings changes; attribution is proportional to touched-surface loss and change size."
2026-08-01T04:05:52+08:00,07356b977a7d265413c35e9ec8c24208061aaf75,estimated-from-checkpoint-delta,-0.000127,0.35,"feat(lynxtron,web): share plan and right-panel chrome compositions",shell+review,baseline-geometry,native-readiness,"lowered checkpoint loss through shell, review changes; attribution is proportional to touched-surface loss and change size."
2026-08-01T04:23:14+08:00,26103dc9c14c765e2946e984f6aa94f8545482df,estimated-from-checkpoint-delta,-0.000105,0.35,"feat(lynxtron,web): share file-tree rows and diff stat labels",shell+review,baseline-geometry,native-readiness,"lowered checkpoint loss through shell, review changes; attribution is proportional to touched-surface loss and change size."
2026-08-01T04:35:55+08:00,6cf72ad399943da54362c7f910c4f3c136389023,estimated-from-checkpoint-delta,-0.000051,0.35,"refactor(lynxtron,web): retire the prototype settings brand header",shell+settings,baseline-geometry,native-readiness,"lowered checkpoint loss through shell, settings changes; attribution is proportional to touched-surface loss and change size."
2026-08-01T04:38:18+08:00,c9bad338f3c056fbd46d5e6a418023ca3187701f,estimated-from-checkpoint-delta,-0.000013,0.35,docs(lynxtron): record AR5.4 handoff for the next session,shell,baseline-geometry,native-readiness,lowered checkpoint loss through shell changes; attribution is proportional to touched-surface loss and change size.
2026-08-01T04:58:22+08:00,66946da903c1904e472259ac094eb823f5f4ede9,estimated-from-checkpoint-delta,-0.000104,0.35,"feat(lynxtron,web): share the chat route composition",shell,baseline-geometry,native-readiness,lowered checkpoint loss through shell changes; attribution is proportional to touched-surface loss and change size.
2026-08-01T05:15:24+08:00,d047345c019eef4bb756f26a3b612405a97a8535,estimated-from-checkpoint-delta,-0.000074,0.35,docs(lynxtron): certify the port as chat-first-preview (AR6),shell+settings,baseline-geometry,native-readiness,"lowered checkpoint loss through shell, settings changes; attribution is proportional to touched-surface loss and change size."
2026-08-01T17:28:00+08:00,ec47818ea39ce654fc41a8aa27e315795b796ed6,estimated-from-checkpoint-delta,-0.000053,0.35,docs(lynxtron): plan outcome-driven convergence,shell,baseline-geometry,native-readiness,lowered checkpoint loss through shell changes; attribution is proportional to touched-surface loss and change size.
2026-08-01T17:58:48+08:00,3549a685acfcdeaaf8765bd8250ed78a7525bf4c,estimated-from-checkpoint-delta,-0.000054,0.35,docs(lynxtron): plan feature parity by product value,shell,baseline-geometry,native-readiness,lowered checkpoint loss through shell changes; attribution is proportional to touched-surface loss and change size.
2026-08-01T18:23:38+08:00,8c5d5873f8c8868cfadcab37a637a08b4f28cedb,estimated-from-checkpoint-delta,-0.000519,0.35,Merge remote-tracking branch 'origin/main' into lynxtron-port,,baseline-geometry,native-readiness,lowered checkpoint loss through cross-cutting changes; attribution is proportional to touched-surface loss and change size.
2026-08-02T01:43:44+08:00,f3a2be1e47153779042f7eac3712424f207c3582,estimated-from-checkpoint-delta,-0.004432,0.35,docs(lynxtron): freeze Plan 11 outcome baseline,shell,native-readiness,browser-matrix,lowered checkpoint loss through shell changes; attribution is proportional to touched-surface loss and change size.
2026-08-02T02:12:25+08:00,76597ace6b3bd2aab54f4fac1b60e416fe877688,estimated-from-checkpoint-delta,-0.005234,0.35,feat(lynxtron): prove current-stack Lynx Web build,shell,native-readiness,browser-matrix,lowered checkpoint loss through shell changes; attribution is proportional to touched-surface loss and change size.
2026-08-02T02:50:53+08:00,4604dd443f8f351402eb33bc7fefa3f548194545,estimated-from-checkpoint-delta,-0.0057,0.35,feat(lynxtron): add typed browser preview host,shell,native-readiness,browser-matrix,lowered checkpoint loss through shell changes; attribution is proportional to touched-surface loss and change size.
2026-08-04T11:42:06.131Z,4604dd443f8f351402eb33bc7fefa3f548194545,evidence-session,-0.161422,0.55,39-state strict evidence matrix,shell+composer+transcript+overlays+settings+review,browser-matrix,strict-matrix,Evidence changed inside an uncommitted working-tree session; no per-commit split is defensible.
2026-08-05T23:00:00+08:00,4604dd443f8f351402eb33bc7fefa3f548194545,measurement-refinement,0.000402,0.55,First Native pixel baseline,composer,strict-matrix,pixel-baseline,A stricter measurement replaced a coarse gate inside an uncommitted evidence session; this is not attributable to a product commit.
2026-08-07T00:00:00+08:00,4604dd443f8f351402eb33bc7fefa3f548194545,evidence-session,-0.01207,0.55,Masked pixel residual convergence,shell+composer+transcript,pixel-baseline,masked-pixel-convergence,Evidence changed inside an uncommitted working-tree session; no per-commit split is defensible.
2026-08-08T01:10:12.108Z,4604dd443f8f351402eb33bc7fefa3f548194545,evidence-session,-0.028054,0.55,Four-state review interaction matrix,review,masked-pixel-convergence,review-interaction-matrix,Evidence changed inside an uncommitted working-tree session; no per-commit split is defensible.
2026-08-11T17:10:26.391Z,4604dd443f8f351402eb33bc7fefa3f548194545,evidence-session,-0.068834,0.55,Model Picker fidelity closeout,overlays,review-interaction-matrix,model-picker-closeout,Evidence changed inside an uncommitted working-tree session; no per-commit split is defensible.
2026-08-12T02:17:39+08:00,ec4395cf4ff550ba6a8fb9203a15d34e87f020ff,unmeasured-product-commit,,0,fix(server): interrupt the active turn by default,,model-picker-closeout,evidence-archaeology-reset,No independent current-head fidelity measurement follows this commit; do not infer product loss from the later evidence reset.
2026-08-12T02:25:04+08:00,0724b3be70df39f979f0f17eb06b94c9858b19f1,unmeasured-product-commit,,0,fix(server): type source-control discovery failures,settings,model-picker-closeout,evidence-archaeology-reset,No independent current-head fidelity measurement follows this commit; do not infer product loss from the later evidence reset.
2026-08-12T02:26:57+08:00,1d3854c9ed0b2d998b47321b630dcbf4365edd3f,unmeasured-product-commit,,0,feat(contracts): add the latest app channel,,model-picker-closeout,evidence-archaeology-reset,No independent current-head fidelity measurement follows this commit; do not infer product loss from the later evidence reset.
2026-08-12T02:29:03+08:00,919f2aa6839d6672544a6d27c702ef36fb84a1cd,unmeasured-product-commit,,0,fix(contracts): expose portable model favorites defaults,settings,model-picker-closeout,evidence-archaeology-reset,No independent current-head fidelity measurement follows this commit; do not infer product loss from the later evidence reset.
2026-08-12T02:32:40+08:00,bb17948ff3092e44a6bce235052ef9045d358422,unmeasured-product-commit,,0,fix(server): settle aborted provider turns,,model-picker-closeout,evidence-archaeology-reset,No independent current-head fidelity measurement follows this commit; do not infer product loss from the later evidence reset.
2026-08-12T02:34:43+08:00,0aab7c8f54412d8450c60545fe27cd6ffa8e3788,unmeasured-product-commit,,0,feat(server): retain provider reasoning progress,,model-picker-closeout,evidence-archaeology-reset,No independent current-head fidelity measurement follows this commit; do not infer product loss from the later evidence reset.
2026-08-12T02:58:20+08:00,0f07e979c3944f761f88e0cc25eda38d7ab5b276,unmeasured-product-commit,,0,feat(client-runtime): share viewport media queries,shell,model-picker-closeout,evidence-archaeology-reset,No independent current-head fidelity measurement follows this commit; do not infer product loss from the later evidence reset.
2026-08-12T02:41:01+08:00,9b06d31b04060ae3e26943e0b327389b6ee4d3c0,unmeasured-product-commit,,0,feat(client-runtime): share resizable panel widths,shell,model-picker-closeout,evidence-archaeology-reset,No independent current-head fidelity measurement follows this commit; do not infer product loss from the later evidence reset.
2026-08-12T02:43:22+08:00,3bd09188e3bc32df717d4e4de20659781c2b264f,unmeasured-product-commit,,0,feat(client-runtime): share search overlay state,overlays,model-picker-closeout,evidence-archaeology-reset,No independent current-head fidelity measurement follows this commit; do not infer product loss from the later evidence reset.
2026-08-12T02:47:12+08:00,8b8b6320835afdcb1006ad2448baf90e4a31d819,unmeasured-product-commit,,0,feat(client-runtime): project pending requests,composer,model-picker-closeout,evidence-archaeology-reset,No independent current-head fidelity measurement follows this commit; do not infer product loss from the later evidence reset.
2026-08-12T02:48:21+08:00,8b1e343379f78e9b1bc7bedea58de1399ae631db,unmeasured-product-commit,,0,refactor(client-runtime): share file picker matching,overlays,model-picker-closeout,evidence-archaeology-reset,No independent current-head fidelity measurement follows this commit; do not infer product loss from the later evidence reset.
2026-08-12T02:50:02+08:00,2b2167476e19f2d055b033eeabe49227b3ba6e3b,unmeasured-product-commit,,0,fix(client-runtime): restore portable model favorites,settings,model-picker-closeout,evidence-archaeology-reset,No independent current-head fidelity measurement follows this commit; do not infer product loss from the later evidence reset.
2026-08-12T02:50:18+08:00,0b8e359f76cf2a39128439ee2c1d24c994416219,unmeasured-product-commit,,0,feat(client-runtime): parse markdown strikethrough,transcript,model-picker-closeout,evidence-archaeology-reset,No independent current-head fidelity measurement follows this commit; do not infer product loss from the later evidence reset.
2026-08-12T02:51:09+08:00,3a440f95461a67aefb150a046de434c706148375,unmeasured-product-commit,,0,feat(client-runtime): retain thinking timeline rows,transcript,model-picker-closeout,evidence-archaeology-reset,No independent current-head fidelity measurement follows this commit; do not infer product loss from the later evidence reset.
2026-08-12T02:51:30+08:00,26fd3fee759aa8f03f56fa756215555004dbb867,unmeasured-product-commit,,0,fix(client-runtime): decode source-control wire options,settings,model-picker-closeout,evidence-archaeology-reset,No independent current-head fidelity measurement follows this commit; do not infer product loss from the later evidence reset.
2026-08-12T02:51:59+08:00,54cb7506c0b02256bcb897137dc92370dde45d97,unmeasured-product-commit,,0,fix(client-runtime): filter unavailable picker models,overlays,model-picker-closeout,evidence-archaeology-reset,No independent current-head fidelity measurement follows this commit; do not infer product loss from the later evidence reset.
2026-08-12T02:52:25+08:00,673fdc371b2fdb01782408de68c559b63d48e535,unmeasured-product-commit,,0,feat(client-runtime): share composer control state,composer,model-picker-closeout,evidence-archaeology-reset,No independent current-head fidelity measurement follows this commit; do not infer product loss from the later evidence reset.
2026-08-12T02:52:51+08:00,6b6ccb0cc004fdf2b43a925ab8bc1b6ce39aae45,unmeasured-product-commit,,0,feat(client-runtime): share connection lifecycle copy,settings,model-picker-closeout,evidence-archaeology-reset,No independent current-head fidelity measurement follows this commit; do not infer product loss from the later evidence reset.
2026-08-12T02:53:25+08:00,53476eed4af16f68ff270bdad1d4a83a0080b4ae,unmeasured-product-commit,,0,chore(client-runtime): export shared presentation modules,shell,model-picker-closeout,evidence-archaeology-reset,No independent current-head fidelity measurement follows this commit; do not infer product loss from the later evidence reset.
2026-08-12T02:56:08+08:00,0ae7ec9f0624043ab62e3c38740e3732fc829eb3,unmeasured-product-commit,,0,refactor(web): reuse shared file picker matching,overlays,model-picker-closeout,evidence-archaeology-reset,No independent current-head fidelity measurement follows this commit; do not infer product loss from the later evidence reset.
2026-08-12T03:05:33+08:00,5ce703ec53af1196f6dbc5ac81f71941785dac30,unmeasured-product-commit,,0,feat(platform): share live viewport capabilities,shell,model-picker-closeout,evidence-archaeology-reset,No independent current-head fidelity measurement follows this commit; do not infer product loss from the later evidence reset.
2026-08-12T03:08:27+08:00,54f53a62839b727be3362bb1b8a0022ecf79b52c,unmeasured-product-commit,,0,refactor(web): consume shared responsive capabilities,shell,model-picker-closeout,evidence-archaeology-reset,No independent current-head fidelity measurement follows this commit; do not infer product loss from the later evidence reset.
2026-08-12T03:09:01+08:00,7b66c09fec8608b36b6b71f52c7fe9e165a7aa26,unmeasured-product-commit,,0,refactor(web): reuse shared sidebar sizing,shell,model-picker-closeout,evidence-archaeology-reset,No independent current-head fidelity measurement follows this commit; do not infer product loss from the later evidence reset.
2026-08-12T03:09:23+08:00,78a9479d8c36727f9cc23b71818291c0f4fef8ca,unmeasured-product-commit,,0,feat(web): define responsive right panel bounds,review,model-picker-closeout,evidence-archaeology-reset,No independent current-head fidelity measurement follows this commit; do not infer product loss from the later evidence reset.
2026-08-12T03:10:13+08:00,5fec56b29058703b0c178f13c3583af7a4ae8b3b,unmeasured-product-commit,,0,feat(web): add shared connection lifecycle banner,settings,model-picker-closeout,evidence-archaeology-reset,No independent current-head fidelity measurement follows this commit; do not infer product loss from the later evidence reset.
2026-08-12T03:10:36+08:00,3f2da10148d696e0bc58731a28156251220435ab,unmeasured-product-commit,,0,feat(web): add shared changed-files card,review,model-picker-closeout,evidence-archaeology-reset,No independent current-head fidelity measurement follows this commit; do not infer product loss from the later evidence reset.
2026-08-12T03:12:08+08:00,4f8b38dca33147f8286a0a9a78502d16d3ef231f,unmeasured-product-commit,,0,refactor(web): compose changed files through shared card,review,model-picker-closeout,evidence-archaeology-reset,No independent current-head fidelity measurement follows this commit; do not infer product loss from the later evidence reset.
2026-08-12T03:13:33+08:00,7baa1873dfbfc4a563cdf6e89b2c57ce98e22716,unmeasured-product-commit,,0,feat(web): expand shared model picker surface,overlays+shell,model-picker-closeout,evidence-archaeology-reset,No independent current-head fidelity measurement follows this commit; do not infer product loss from the later evidence reset.
2026-08-12T03:13:53+08:00,76e65adda00a4de2b5e411ed64a4d49c62411c6b,unmeasured-product-commit,,0,chore(web): expose model picker semantic state,shell+overlays,model-picker-closeout,evidence-archaeology-reset,No independent current-head fidelity measurement follows this commit; do not infer product loss from the later evidence reset.
2026-08-12T03:14:54+08:00,48ce4e9b20450c3cd9105bd97955bdb27769c031,unmeasured-product-commit,,0,feat(lynxtron): project model picker availability,overlays,model-picker-closeout,evidence-archaeology-reset,No independent current-head fidelity measurement follows this commit; do not infer product loss from the later evidence reset.
2026-08-12T03:59:38+08:00,cbf8a896a8c5a1fc26275bdb50374cc58ff161e3,unmeasured-product-commit,,0,feat(lynxtron): unify shell navigation state,shell,model-picker-closeout,evidence-archaeology-reset,No independent current-head fidelity measurement follows this commit; do not infer product loss from the later evidence reset.
2026-08-12T03:20:33+08:00,f857205c646409efe2f999f9e67003a8eb818e67,unmeasured-product-commit,,0,feat(lynxtron): add theme-aware provider icons,shell,model-picker-closeout,evidence-archaeology-reset,No independent current-head fidelity measurement follows this commit; do not infer product loss from the later evidence reset.
2026-08-12T03:21:50+08:00,4ddc81541b9c2061096e34a8f3c3f99d23ed3a42,unmeasured-product-commit,,0,feat(web): expand shared composer controls,composer,model-picker-closeout,evidence-archaeology-reset,No independent current-head fidelity measurement follows this commit; do not infer product loss from the later evidence reset.
2026-08-12T03:23:40+08:00,32d1247fb14fd12469f34764a740627e6762d71f,unmeasured-product-commit,,0,feat(lynxtron): complete typed connector commands,shell+composer,model-picker-closeout,evidence-archaeology-reset,No independent current-head fidelity measurement follows this commit; do not infer product loss from the later evidence reset.
2026-08-12T03:24:03+08:00,b8a8483ac84fb596079d9d11c6aa7ad5705d1c56,unmeasured-product-commit,,0,feat(lynxtron): persist theme preference state,shell,model-picker-closeout,evidence-archaeology-reset,No independent current-head fidelity measurement follows this commit; do not infer product loss from the later evidence reset.
2026-08-12T03:25:08+08:00,bb55e9803a1502e46247892fb2cb8a95552b4893,unmeasured-product-commit,,0,feat(lynxtron): bridge live system theme,shell,model-picker-closeout,evidence-archaeology-reset,No independent current-head fidelity measurement follows this commit; do not infer product loss from the later evidence reset.
2026-08-12T03:25:54+08:00,99d0846f4d57456e6a6c707a678feb6f218785fd,unmeasured-product-commit,,0,refactor(web): share pending composer surfaces,composer,model-picker-closeout,evidence-archaeology-reset,No independent current-head fidelity measurement follows this commit; do not infer product loss from the later evidence reset.
2026-08-12T04:01:05+08:00,94df3cedcf596db4fbecaa21ffa3234be079f02b,unmeasured-product-commit,,0,refactor(web): converge shared settings surfaces,settings,model-picker-closeout,evidence-archaeology-reset,No independent current-head fidelity measurement follows this commit; do not infer product loss from the later evidence reset.
2026-08-12T04:01:17+08:00,9a9023afef754b1f02511e4872cddaa00653491d,unmeasured-product-commit,,0,refactor(web): converge sidebar composition,shell,model-picker-closeout,evidence-archaeology-reset,No independent current-head fidelity measurement follows this commit; do not infer product loss from the later evidence reset.
2026-08-12T04:01:53+08:00,85851663e373483d9e4fe22b78b6be1142791a13,unmeasured-product-commit,,0,feat(lynxtron): adapt shared sidebar leaves,shell,model-picker-closeout,evidence-archaeology-reset,No independent current-head fidelity measurement follows this commit; do not infer product loss from the later evidence reset.
2026-08-12T03:33:24+08:00,c871cef1b6750068f47478859e1c08da5ef0219c,unmeasured-product-commit,,0,refactor(web): share command palette state and surface,overlays,model-picker-closeout,evidence-archaeology-reset,No independent current-head fidelity measurement follows this commit; do not infer product loss from the later evidence reset.
2026-08-12T03:34:11+08:00,fc9d53ef6baf1f2ed647849d07ff91431b1280a4,unmeasured-product-commit,,0,feat(web): expand shared transcript rows,transcript,model-picker-closeout,evidence-archaeology-reset,No independent current-head fidelity measurement follows this commit; do not infer product loss from the later evidence reset.
2026-08-12T03:35:59+08:00,8738f64691afbf8e29389e7048c5ff5346d6f380,unmeasured-product-commit,,0,refactor(web): consume shared chat projections,shell+composer,model-picker-closeout,evidence-archaeology-reset,No independent current-head fidelity measurement follows this commit; do not infer product loss from the later evidence reset.
2026-08-12T03:37:05+08:00,a8ed16ccbd593470a82a61b385a8a76245886d1f,unmeasured-product-commit,,0,feat(web): share diff and right-panel anatomy,review+shell,model-picker-closeout,evidence-archaeology-reset,No independent current-head fidelity measurement follows this commit; do not infer product loss from the later evidence reset.
2026-08-12T04:02:48+08:00,7ec7b6491ab77864ef3a307bd8c90c6f4cb14f08,unmeasured-product-commit,,0,feat(lynxtron): complete shared Web host leaves,shell+settings,model-picker-closeout,evidence-archaeology-reset,No independent current-head fidelity measurement follows this commit; do not infer product loss from the later evidence reset.
2026-08-12T03:39:26+08:00,cf6c949f0ffaebee3138d4ab9929f9a3387c71d7,unmeasured-product-commit,,0,fix(lynxtron): resolve release-channel branding,shell,model-picker-closeout,evidence-archaeology-reset,No independent current-head fidelity measurement follows this commit; do not infer product loss from the later evidence reset.
2026-08-12T03:39:50+08:00,0c4ce738898673e69ba01e75243dbf3fcf5f5445,unmeasured-product-commit,,0,feat(lynxtron): route clipboard through typed host,shell,model-picker-closeout,evidence-archaeology-reset,No independent current-head fidelity measurement follows this commit; do not infer product loss from the later evidence reset.
2026-08-12T03:40:18+08:00,4bf1098679203f9be651cef3935350c5d9378d21,unmeasured-product-commit,,0,feat(lynxtron): host viewport and reload controls,shell,model-picker-closeout,evidence-archaeology-reset,No independent current-head fidelity measurement follows this commit; do not infer product loss from the later evidence reset.
2026-08-12T03:40:45+08:00,73cf0cf8cda9c871f5fa5e3bd3d00dfc851b86fb,unmeasured-product-commit,,0,feat(lynxtron): complete native keyboard menu,shell,model-picker-closeout,evidence-archaeology-reset,No independent current-head fidelity measurement follows this commit; do not infer product loss from the later evidence reset.
2026-08-12T03:41:18+08:00,9213f5e1d198178821598f57461daac0747f102a,unmeasured-product-commit,,0,feat(lynxtron): wire native host lifecycle,shell,model-picker-closeout,evidence-archaeology-reset,No independent current-head fidelity measurement follows this commit; do not infer product loss from the later evidence reset.
2026-08-12T03:42:52+08:00,ec4dca5d5b0d8cef2bc2af1b80d875929b70c6e2,unmeasured-product-commit,,0,refactor(lynxtron): make route state synchronous,shell+settings,model-picker-closeout,evidence-archaeology-reset,No independent current-head fidelity measurement follows this commit; do not infer product loss from the later evidence reset.
2026-08-12T03:43:21+08:00,6162ae01e1b653fd9c4a08b96995fa2a03334210,unmeasured-product-commit,,0,feat(lynxtron): render complete markdown blocks,transcript,model-picker-closeout,evidence-archaeology-reset,No independent current-head fidelity measurement follows this commit; do not infer product loss from the later evidence reset.
2026-08-12T03:43:50+08:00,6f4a9add96725616104bb5593f03f92ebe72fafa,unmeasured-product-commit,,0,feat(lynxtron): parse diffs and editor actions,review,model-picker-closeout,evidence-archaeology-reset,No independent current-head fidelity measurement follows this commit; do not infer product loss from the later evidence reset.
2026-08-12T03:44:19+08:00,0adb9c11a3b9e2f3105ff9aeae94ab3bee5eae91,unmeasured-product-commit,,0,feat(lynxtron): stabilize transcript row reuse,shell+transcript,model-picker-closeout,evidence-archaeology-reset,No independent current-head fidelity measurement follows this commit; do not infer product loss from the later evidence reset.
2026-08-12T03:44:55+08:00,035f547b6d98089be20bdc22984f227a998e9a3f,unmeasured-product-commit,,0,feat(lynxtron): render canonical diff surfaces,review,model-picker-closeout,evidence-archaeology-reset,No independent current-head fidelity measurement follows this commit; do not infer product loss from the later evidence reset.
2026-08-12T03:45:31+08:00,4c7eb0cc5c78c70380705baf6cf2463185891dae,unmeasured-product-commit,,0,feat(lynxtron): add responsive right panel,review,model-picker-closeout,evidence-archaeology-reset,No independent current-head fidelity measurement follows this commit; do not infer product loss from the later evidence reset.
2026-08-12T03:45:56+08:00,ef7fa4f5c170b451c35ddfa062ad51030af41a77,unmeasured-product-commit,,0,feat(lynxtron): complete native transcript composition,shell+transcript,model-picker-closeout,evidence-archaeology-reset,No independent current-head fidelity measurement follows this commit; do not infer product loss from the later evidence reset.
2026-08-12T04:25:29+08:00,0eaf1b25f5b1aeaa206cf93637ce9684f611f4f9,unmeasured-product-commit,,0,feat(lynxtron): complete responsive chat header,shell,model-picker-closeout,evidence-archaeology-reset,No independent current-head fidelity measurement follows this commit; do not infer product loss from the later evidence reset.
2026-08-12T04:27:41+08:00,48bc277232fdbd79e7f20c52dd67dcc1540598b9,unmeasured-product-commit,,0,feat(lynxtron): complete shared Settings routes,settings+shell,model-picker-closeout,evidence-archaeology-reset,No independent current-head fidelity measurement follows this commit; do not infer product loss from the later evidence reset.
2026-08-12T04:27:48+08:00,a11b22df6de373617759b5459f73cb6d2d92ffcc,unmeasured-product-commit,,0,feat(lynxtron): complete search and project actions,shell+overlays,model-picker-closeout,evidence-archaeology-reset,No independent current-head fidelity measurement follows this commit; do not infer product loss from the later evidence reset.
2026-08-12T04:27:56+08:00,825a1d9a683af27d690167590445905a9c65be1e,unmeasured-product-commit,,0,feat(lynxtron): complete chat and model picker composition,shell+review+composer+overlays,model-picker-closeout,evidence-archaeology-reset,No independent current-head fidelity measurement follows this commit; do not infer product loss from the later evidence reset.
2026-08-12T04:28:31+08:00,001730fec38c2becbfe53897dc4a0c0e44b2b27e,unmeasured-product-commit,,0,feat(lynxtron): bootstrap themed responsive app shell,shell,model-picker-closeout,evidence-archaeology-reset,No independent current-head fidelity measurement follows this commit; do not infer product loss from the later evidence reset.
2026-08-12T04:31:56+08:00,e5c81acecd51aff4589d1b843f8cd03ff5dc18d0,unmeasured-product-commit,,0,feat(lynxtron): complete responsive theme styles,shell,model-picker-closeout,evidence-archaeology-reset,No independent current-head fidelity measurement follows this commit; do not infer product loss from the later evidence reset.
2026-08-12T04:36:30+08:00,579a1e48b7f7414d5361d3797489d4a2d524772e,unmeasured-product-commit,,0,feat(lynxtron): complete Browser Preview runtime,shell,model-picker-closeout,evidence-archaeology-reset,No independent current-head fidelity measurement follows this commit; do not infer product loss from the later evidence reset.
2026-08-12T04:44:45+08:00,2e2f5c80e4d03005a2d7868d576666aca072970f,unmeasured-product-commit,,0,feat(lynxtron): add static convergence audits,shell+settings,model-picker-closeout,evidence-archaeology-reset,No independent current-head fidelity measurement follows this commit; do not infer product loss from the later evidence reset.
2026-08-12T04:47:27+08:00,885f6b0b395e1f35e822ae799b89ffc0ccd4120a,unmeasured-product-commit,,0,feat(lynxtron): enforce evidence provenance,shell,model-picker-closeout,evidence-archaeology-reset,No independent current-head fidelity measurement follows this commit; do not infer product loss from the later evidence reset.
2026-08-12T04:48:31+08:00,c480375c80e5dc5a0fc6710774cdfc57f565c890,unmeasured-product-commit,,0,feat(lynxtron): verify exact-owned Native readiness,shell,model-picker-closeout,evidence-archaeology-reset,No independent current-head fidelity measurement follows this commit; do not infer product loss from the later evidence reset.
2026-08-12T04:49:03+08:00,d17a526f8facd5f63e2807cc267acdd0eb7c18cd,unmeasured-product-commit,,0,feat(lynxtron): add shared dual-renderer workbench,shell+settings,model-picker-closeout,evidence-archaeology-reset,No independent current-head fidelity measurement follows this commit; do not infer product loss from the later evidence reset.
2026-08-12T04:50:09+08:00,88d64de315b9e41b5a4f60b86f50e4c5170fd8c0,unmeasured-product-commit,,0,chore(lynxtron): retain focused diagnostic probes,shell,model-picker-closeout,evidence-archaeology-reset,No independent current-head fidelity measurement follows this commit; do not infer product loss from the later evidence reset.
2026-08-12T04:51:06+08:00,df563cd4014deffdbf0e670ac15c000f7073d533,unmeasured-product-commit,,0,chore(lynxtron): ignore disposable harness state,shell,model-picker-closeout,evidence-archaeology-reset,No independent current-head fidelity measurement follows this commit; do not infer product loss from the later evidence reset.
2026-08-12T04:57:59+08:00,49b805f3d0d9efaedb2238ec9aabe605992edc50,unmeasured-product-commit,,0,chore(lynxtron): remove superseded visual artifacts,shell+settings+transcript,model-picker-closeout,evidence-archaeology-reset,No independent current-head fidelity measurement follows this commit; do not infer product loss from the later evidence reset.
2026-08-12T05:02:44+08:00,9479f08fdc6a40af2e1832b2c75983d4990ec478,unmeasured-product-commit,,0,test(lynxtron): establish honest evidence baseline,shell,model-picker-closeout,evidence-archaeology-reset,No independent current-head fidelity measurement follows this commit; do not infer product loss from the later evidence reset.
2026-08-12T05:06:14+08:00,a65114d87bbea91861d8e0796c92cb599b4c85d0,unmeasured-product-commit,,0,docs(lynxtron): archive superseded harness plans,shell,model-picker-closeout,evidence-archaeology-reset,No independent current-head fidelity measurement follows this commit; do not infer product loss from the later evidence reset.
2026-08-12T05:06:22+08:00,4fd817a49cc55689124a4d441a5e814a7eb32446,unmeasured-product-commit,,0,docs(lynxtron): document current runtime adapters,shell,model-picker-closeout,evidence-archaeology-reset,No independent current-head fidelity measurement follows this commit; do not infer product loss from the later evidence reset.
2026-08-12T05:07:01+08:00,63de8900b91f0b4ad2ef8c3dee177bcd1ce62d6b,unmeasured-product-commit,,0,docs(lynxtron): reconcile the residual roadmap,shell,model-picker-closeout,evidence-archaeology-reset,No independent current-head fidelity measurement follows this commit; do not infer product loss from the later evidence reset.
2026-08-12T05:07:40+08:00,54a3241bad8adef0cd7195b6d558f2a23d5c480a,unmeasured-product-commit,,0,docs(lynxtron): publish final5 archaeology authority,shell,model-picker-closeout,evidence-archaeology-reset,No independent current-head fidelity measurement follows this commit; do not infer product loss from the later evidence reset.
2026-08-12T05:35:00+08:00,a7aec9f74a1f8cc765f39a96cbf2161fc8fac8d9,unmeasured-product-commit,,0,chore(lynxtron): format the generated icon atlas,shell,model-picker-closeout,evidence-archaeology-reset,No independent current-head fidelity measurement follows this commit; do not infer product loss from the later evidence reset.
2026-08-12T05:40:56+08:00,25db04b687d3473a3b807a6e674c71fecc534b2d,unmeasured-product-commit,,0,docs(lynxtron): complete the archaeology audit,shell,model-picker-closeout,evidence-archaeology-reset,No independent current-head fidelity measurement follows this commit; do not infer product loss from the later evidence reset.
2026-08-12T05:40:56+08:00,25db04b687d3473a3b807a6e674c71fecc534b2d,evidence-policy,0.234479,1,Evidence archaeology reset,,model-picker-closeout,evidence-archaeology-reset,Conservative loss rose because stale pre-final5 evidence was demoted. Observed product residual did not change.
2026-08-13T02:10:59+08:00,96cd056afbd346b4d0881f70db0a2e8d01a4a97e,unmeasured-product-commit,,0,feat(lynxtron): account for fidelity loss over time,shell,evidence-archaeology-reset,composer-docked-current-browser,This interval ends in an explicit evidence measurement; no independent before/after measurement supports assigning its delta to this commit.
2026-08-13T02:11:23+08:00,a5352f06f872d5f256a970804a9c4b5116e84c87,unmeasured-product-commit,,0,docs(lynxtron): publish the fidelity loss atlas,shell,evidence-archaeology-reset,composer-docked-current-browser,This interval ends in an explicit evidence measurement; no independent before/after measurement supports assigning its delta to this commit.
2026-08-13T03:40:14+08:00,f4941488b61a081f48a04dc34fb907bfe8829c0e,unmeasured-product-commit,,0,feat(lynxtron): attribute fidelity loss to commits,shell,evidence-archaeology-reset,composer-docked-current-browser,This interval ends in an explicit evidence measurement; no independent before/after measurement supports assigning its delta to this commit.
2026-08-13T03:40:53+08:00,43d1855adbc05922364c5ff312d954282cb7b361,unmeasured-product-commit,,0,docs(lynxtron): unify loss and screenshot review,shell,evidence-archaeology-reset,composer-docked-current-browser,This interval ends in an explicit evidence measurement; no independent before/after measurement supports assigning its delta to this commit.
2026-08-12T19:47:57.286Z,43d1855adbc05922364c5ff312d954282cb7b361,evidence-session,-0.008475,0.95,Current-head docked Composer browser pair,composer,evidence-archaeology-reset,composer-docked-current-browser,"This loss decrease comes from the first current-head Browser measurement after the archaeology reset, not from a measured product change between commits."
2026-08-12T20:19:51.229Z,43d1855adbc05922364c5ff312d954282cb7b361,working-tree-product-change,-0.000359,0.95,Docked Composer placeholder parity,composer,composer-docked-current-browser,composer-docked-placeholder-fix,A before/after Browser pair measures one working-tree product change: Web and Lynx now consume the same session-phase placeholder projection.
2026-08-14T05:42:39+08:00,c26ae5afbc5f8290a765879bb04275a38935a4f6,unmeasured-product-commit,,0,fix(lynxtron): make sidebar resize track the cursor,shell+overlays+review,composer-docked-placeholder-fix,sidebar-resize-native-interaction-fix,This interval ends in an explicit evidence measurement; no independent before/after measurement supports assigning its delta to this commit.
2026-08-14T05:32:00+08:00,c26ae5afbc5f8290a765879bb04275a38935a4f6,working-tree-product-change,-0.011473,0.98,Native Sidebar resize cursor tracking,shell,composer-docked-placeholder-fix,sidebar-resize-native-interaction-fix,"A before/after Native interaction investigation isolated and removed the Sidebar-only width transition while retaining the same scope, weights, and pointer sample sequence."
2026-08-14T05:34:00+08:00,c26ae5afbc5f8290a765879bb04275a38935a4f6,measurement-refinement,0,1,Review diff current-head evidence blocker,,sidebar-resize-native-interaction-fix,review-diff-current-head-evidence-blocker,Classification only: historical runtime evidence cannot be promoted to a current-head product residual without matching final5 captures.
2026-08-14T05:48:55+08:00,f07c2832f17b658c2e583ce2844bf7a7aa466609,unmeasured-product-commit,,0,docs(lynxtron): record sidebar interaction loss,composer+shell,review-diff-current-head-evidence-blocker,composer-hero-sendable-current-browser,This interval ends in an explicit evidence measurement; no independent before/after measurement supports assigning its delta to this commit.
2026-08-14T05:51:20+08:00,8da2c8ae0e822470adf8fe199ad7fef282cbbb29,unmeasured-product-commit,,0,fix(composer): share session placeholder copy,shell+composer,review-diff-current-head-evidence-blocker,composer-hero-sendable-current-browser,This interval ends in an explicit evidence measurement; no independent before/after measurement supports assigning its delta to this commit.
2026-08-14T06:03:47+08:00,1a4fc90c5e092ac2b9fd16fe93fbe600609565a8,unmeasured-product-commit,,0,fix(lynxtron): compare visible Composer placeholders,shell,review-diff-current-head-evidence-blocker,composer-hero-sendable-current-browser,This interval ends in an explicit evidence measurement; no independent before/after measurement supports assigning its delta to this commit.
2026-08-14T06:05:00+08:00,1a4fc90c5e092ac2b9fd16fe93fbe600609565a8,measurement-refinement,-0.017844,0.99,Current-head Hero and Sendable Composer pair,composer,review-diff-current-head-evidence-blocker,composer-hero-sendable-current-browser,Current-head canonical captures supersede stale runtime-blocker evidence without attributing the evidence correction to a product code change.
2026-08-14T06:18:12+08:00,633dca6512d09cf47ce4d61393e63507988a4839,unmeasured-product-commit,,0,fix(lynxtron): align Composer footer controls,composer+shell,composer-hero-sendable-current-browser,composer-hero-footer-material-fix,This interval ends in an explicit evidence measurement; no independent before/after measurement supports assigning its delta to this commit.
2026-08-14T06:13:00+08:00,633dca6512d09cf47ce4d61393e63507988a4839,working-tree-product-change,-0.00004,0.98,Hero Composer footer material parity,composer,composer-hero-sendable-current-browser,composer-hero-footer-material-fix,One CSS-only product change was measured against the same canonical Hero snapshot and viewport before and after.
2026-08-14T06:25:12+08:00,2fd79bdcfbb982f08b9aeeefa47d590d38b48bfe,estimated-from-checkpoint-delta,-0.005885,0.35,docs(lynxtron): refresh Composer fidelity loss,composer+shell,composer-hero-footer-material-fix,lifecycle-error-current-browser,"lowered checkpoint loss through composer, shell changes; attribution is proportional to touched-surface loss and change size."
2026-08-14T07:04:06+08:00,8fb8d7f4d10d65d2235d1fad7dbef3b6873108e3,estimated-from-checkpoint-delta,-0.00138,0.35,fix(lynxtron): preserve lifecycle error parity,shell+settings,composer-hero-footer-material-fix,lifecycle-error-current-browser,"lowered checkpoint loss through shell, settings changes; attribution is proportional to touched-surface loss and change size."
2026-08-14T07:19:05+08:00,a3df22bd22ebe3c4ecfc75afcf855f8b240513e4,unmeasured-product-commit,,0,docs(lynxtron): record lifecycle fidelity loss,shell,lifecycle-error-current-browser,existing-thread-idle-current-browser,This interval ends in an explicit evidence measurement; no independent before/after measurement supports assigning its delta to this commit.
2026-08-14T07:20:45+08:00,560cceca2027b86bdd8643012de5ba449cf23e29,unmeasured-product-commit,,0,chore(lynxtron): restore canonical fidelity report,shell,lifecycle-error-current-browser,existing-thread-idle-current-browser,This interval ends in an explicit evidence measurement; no independent before/after measurement supports assigning its delta to this commit.
2026-08-14T07:35:10+08:00,d283dda05af714927db481073ec3c4a2ca185ed8,unmeasured-product-commit,,0,fix(lynxtron): admit empty idle transcript evidence,shell,lifecycle-error-current-browser,existing-thread-idle-current-browser,This interval ends in an explicit evidence measurement; no independent before/after measurement supports assigning its delta to this commit.
2026-08-14T07:35:10+08:00,d283dda05af714927db481073ec3c4a2ca185ed8,measurement-refinement,-0.005148,0.99,Current idle-thread Sidebar baseline,transcript,lifecycle-error-current-browser,existing-thread-idle-current-browser,A corrected empty-transcript readiness gate established the current-head product baseline without assigning the evidence correction to product code.
2026-08-14T07:53:24+08:00,8a596fec8d9bf5f09c524025ed7400a86af6c802,unmeasured-product-commit,,0,test(lynxtron): verify Native Sidebar bounds,shell,existing-thread-idle-current-browser,existing-thread-idle-sidebar-geometry-fix,This interval ends in an explicit evidence measurement; no independent before/after measurement supports assigning its delta to this commit.
2026-08-14T07:53:51+08:00,d9d2444e544dcb8dde33fcc81ae7b9f3f963221a,unmeasured-product-commit,,0,fix(lynxtron): constrain Sidebar rows to the rail,shell,existing-thread-idle-current-browser,existing-thread-idle-sidebar-geometry-fix,This interval ends in an explicit evidence measurement; no independent before/after measurement supports assigning its delta to this commit.
2026-08-14T07:53:51+08:00,d9d2444e544dcb8dde33fcc81ae7b9f3f963221a,measured-product-change,-0.00041,0.99,Idle-thread Sidebar row containment,transcript,existing-thread-idle-current-browser,existing-thread-idle-sidebar-geometry-fix,"The same Browser snapshot and viewport were captured before and after commit d9d2444e5, and a fresh exact-bundle Native geometry gate independently verified rail containment."
2026-08-14T08:04:40+08:00,4c7af9b789a1395fbe0b81df086d253ff322c927,unmeasured-product-commit,,0,docs(lynxtron): record idle Sidebar fidelity loss,shell,existing-thread-idle-sidebar-geometry-fix,composer-footer-icon-geometry-fix,This interval ends in an explicit evidence measurement; no independent before/after measurement supports assigning its delta to this commit.
2026-08-14T08:05:59+08:00,69ebb3e41ff2f5d8b80156e3803ca91cce08b346,unmeasured-product-commit,,0,chore(lynxtron): restore canonical idle Sidebar report,shell,existing-thread-idle-sidebar-geometry-fix,composer-footer-icon-geometry-fix,This interval ends in an explicit evidence measurement; no independent before/after measurement supports assigning its delta to this commit.
2026-08-14T08:09:51+08:00,e70558c7e5174694a8c40548ab4e1930124ebd6e,unmeasured-product-commit,,0,test(lynxtron): measure Composer footer controls,shell,existing-thread-idle-sidebar-geometry-fix,composer-footer-icon-geometry-fix,This interval ends in an explicit evidence measurement; no independent before/after measurement supports assigning its delta to this commit.
2026-08-14T08:14:19+08:00,f915bc5d9694cbbc303e159db2f22f25ab7bfe34,unmeasured-product-commit,,0,fix(lynxtron): compare actual Composer controls,shell,existing-thread-idle-sidebar-geometry-fix,composer-footer-icon-geometry-fix,This interval ends in an explicit evidence measurement; no independent before/after measurement supports assigning its delta to this commit.
2026-08-14T08:26:11+08:00,d51e32a7fe9f46f515522ca5d2c8a17105240ac9,unmeasured-product-commit,,0,test(lynxtron): inspect Composer control leaves,shell,existing-thread-idle-sidebar-geometry-fix,composer-footer-icon-geometry-fix,This interval ends in an explicit evidence measurement; no independent before/after measurement supports assigning its delta to this commit.
2026-08-14T08:32:12+08:00,2c3cd543da2416bd186ef351f31be5fd66888c64,unmeasured-product-commit,,0,fix(lynxtron): align Composer Footer icons,composer+shell,existing-thread-idle-sidebar-geometry-fix,composer-footer-icon-geometry-fix,This interval ends in an explicit evidence measurement; no independent before/after measurement supports assigning its delta to this commit.
2026-08-14T08:32:12+08:00,2c3cd543da2416bd186ef351f31be5fd66888c64,measured-product-change,-0.000077,0.99,Composer Footer icon geometry,composer,existing-thread-idle-sidebar-geometry-fix,composer-footer-icon-geometry-fix,"Hero and Sendable use the same snapshots and viewports on the direct parent and product commit, with a fresh exact-bundle Native icon geometry gate."
2026-08-14T08:39:33+08:00,b1eae875268902e92f2a077dd5300c196f104f68,unmeasured-product-commit,,0,test(lynxtron): verify Native Composer icons,shell,composer-footer-icon-geometry-fix,composer-footer-label-alpha-fix,This interval ends in an explicit evidence measurement; no independent before/after measurement supports assigning its delta to this commit.
2026-08-14T08:55:36+08:00,d168659fc62a0153744b91d60bf3c3d7e877ab30,unmeasured-product-commit,,0,docs(lynxtron): record Composer Footer icon loss,shell+composer,composer-footer-icon-geometry-fix,composer-footer-label-alpha-fix,This interval ends in an explicit evidence measurement; no independent before/after measurement supports assigning its delta to this commit.
2026-08-14T08:56:48+08:00,534b8348e7b2a8c8625a3b19d0a59dde8c7792d0,unmeasured-product-commit,,0,chore(lynxtron): restore canonical Footer report,shell,composer-footer-icon-geometry-fix,composer-footer-label-alpha-fix,This interval ends in an explicit evidence measurement; no independent before/after measurement supports assigning its delta to this commit.
2026-08-14T09:07:47+08:00,229ad7b2c8141a8856eb5d80234a3c9e48f00ec9,unmeasured-product-commit,,0,test(lynxtron): verify Native Footer label alpha,shell,composer-footer-icon-geometry-fix,composer-footer-label-alpha-fix,This interval ends in an explicit evidence measurement; no independent before/after measurement supports assigning its delta to this commit.
2026-08-14T09:08:24+08:00,0359ee006da99ba7705173a58c02addc7cca26c3,unmeasured-product-commit,,0,fix(lynxtron): match Composer Footer label alpha,shell,composer-footer-icon-geometry-fix,composer-footer-label-alpha-fix,This interval ends in an explicit evidence measurement; no independent before/after measurement supports assigning its delta to this commit.
2026-08-14T09:08:24+08:00,0359ee006da99ba7705173a58c02addc7cca26c3,measured-product-change,-0.000005,0.99,Composer Footer label alpha,composer,composer-footer-icon-geometry-fix,composer-footer-label-alpha-fix,"Hero and Sendable use the same snapshots and viewports before and after the single-token product commit, with a fresh staged Native token gate."
2026-08-14T09:18:25+08:00,8d35b6969d711373539c4cc21b1d6485f3cc8d36,unmeasured-product-commit,,0,docs(lynxtron): record Composer Footer label loss,shell+composer,composer-footer-label-alpha-fix,composer-context-icon-geometry-fix,This interval ends in an explicit evidence measurement; no independent before/after measurement supports assigning its delta to this commit.
2026-08-14T09:19:16+08:00,f5e053994c1eff6148d6902d1957b97cd16a7d7c,unmeasured-product-commit,,0,chore(lynxtron): restore canonical Footer alpha report,shell,composer-footer-label-alpha-fix,composer-context-icon-geometry-fix,This interval ends in an explicit evidence measurement; no independent before/after measurement supports assigning its delta to this commit.
2026-08-14T09:29:34+08:00,1959ff9c01833d5d7cd5d857c1db0456a5370a48,unmeasured-product-commit,,0,test(lynxtron): measure Composer Context leaves,shell,composer-footer-label-alpha-fix,composer-context-icon-geometry-fix,This interval ends in an explicit evidence measurement; no independent before/after measurement supports assigning its delta to this commit.
2026-08-14T09:40:40+08:00,1e4d4620a70d1d13f2068585c79aa09939b06a4b,unmeasured-product-commit,,0,test(lynxtron): verify Native Context icons,shell,composer-footer-label-alpha-fix,composer-context-icon-geometry-fix,This interval ends in an explicit evidence measurement; no independent before/after measurement supports assigning its delta to this commit.
2026-08-14T09:41:11+08:00,594e7ad34c8d2607e60b473ec4ceb153121ebbd8,unmeasured-product-commit,,0,fix(lynxtron): use sized Context icons,composer,composer-footer-label-alpha-fix,composer-context-icon-geometry-fix,This interval ends in an explicit evidence measurement; no independent before/after measurement supports assigning its delta to this commit.
2026-08-14T09:41:11+08:00,594e7ad34c8d2607e60b473ec4ceb153121ebbd8,measured-product-change,-0.000017,0.99,Composer Context icon geometry,composer,composer-footer-label-alpha-fix,composer-context-icon-geometry-fix,"Hero and Sendable use matched current snapshots around the icon-only product change, with an exact-bundle Native Context icon gate."
2026-08-14T09:50:20+08:00,20c7177ed236e8de1b5e88981c544102cc0c4830,unmeasured-product-commit,,0,docs(lynxtron): record Composer Context icon loss,shell+composer,composer-context-icon-geometry-fix,composer-context-control-geometry-fix,This interval ends in an explicit evidence measurement; no independent before/after measurement supports assigning its delta to this commit.
2026-08-14T09:51:13+08:00,6ddead30926a287f90b28a5a4b78fcb041259d83,unmeasured-product-commit,,0,chore(lynxtron): restore canonical Context report,shell,composer-context-icon-geometry-fix,composer-context-control-geometry-fix,This interval ends in an explicit evidence measurement; no independent before/after measurement supports assigning its delta to this commit.
2026-08-14T09:58:15+08:00,b22d78af02a63af8aaf4cb83b55bedc9b77b42dd,unmeasured-product-commit,,0,test(lynxtron): measure context controls consistently,shell,composer-context-icon-geometry-fix,composer-context-control-geometry-fix,This interval ends in an explicit evidence measurement; no independent before/after measurement supports assigning its delta to this commit.
2026-08-14T10:02:27+08:00,cf94d0ae39cb6baec674ad2c868f4b647342d415,unmeasured-product-commit,,0,test(lynxtron): inspect context control leaves,shell,composer-context-icon-geometry-fix,composer-context-control-geometry-fix,This interval ends in an explicit evidence measurement; no independent before/after measurement supports assigning its delta to this commit.
2026-08-14T10:10:27+08:00,f19b0427ad039beeb2ca337374f65fad16b09b41,unmeasured-product-commit,,0,fix(lynxtron): align Context controls with Web,composer+shell,composer-context-icon-geometry-fix,composer-context-control-geometry-fix,This interval ends in an explicit evidence measurement; no independent before/after measurement supports assigning its delta to this commit.
2026-08-14T10:21:05+08:00,f19b0427ad039beeb2ca337374f65fad16b09b41,measured-product-change,-0.000023,0.99,Composer Context control geometry,composer,composer-context-icon-geometry-fix,composer-context-control-geometry-fix,"Hero and Sendable use matched current snapshots around the control-flow product change, with leaf-level Browser geometry and an exact-bundle read-only Native gate."
2026-08-14T10:15:08+08:00,865eccba21c4de1924a728ab4b0182fd8a8961ee,unmeasured-product-commit,,0,test(lynxtron): verify Native Context controls,shell,composer-context-control-geometry-fix,composer-context-label-typography-fix,This interval ends in an explicit evidence measurement; no independent before/after measurement supports assigning its delta to this commit.
2026-08-14T10:20:33+08:00,ff531cdbe3bad85dffffc477daa814f169a76866,unmeasured-product-commit,,0,test(lynxtron): admit Native Context quantization,shell,composer-context-control-geometry-fix,composer-context-label-typography-fix,This interval ends in an explicit evidence measurement; no independent before/after measurement supports assigning its delta to this commit.
2026-08-14T10:31:39+08:00,9ee5e5c430916a3c52e95ae3dc54fe6c751f3201,unmeasured-product-commit,,0,docs(lynxtron): record Context control loss,shell+composer,composer-context-control-geometry-fix,composer-context-label-typography-fix,This interval ends in an explicit evidence measurement; no independent before/after measurement supports assigning its delta to this commit.
2026-08-14T10:33:11+08:00,05e7f436f53e508e0a56b8a74b8590f0b37bea9b,unmeasured-product-commit,,0,chore(lynxtron): restore canonical Context control report,shell,composer-context-control-geometry-fix,composer-context-label-typography-fix,This interval ends in an explicit evidence measurement; no independent before/after measurement supports assigning its delta to this commit.
2026-08-14T10:43:08+08:00,f7cf8c2f9976252a1b093c568064e74a01133ece,unmeasured-product-commit,,0,fix(lynxtron): match Context label typography,shell,composer-context-control-geometry-fix,composer-context-label-typography-fix,This interval ends in an explicit evidence measurement; no independent before/after measurement supports assigning its delta to this commit.
2026-08-14T10:48:39+08:00,f7cf8c2f9976252a1b093c568064e74a01133ece,measured-product-change,-0.000034,0.99,Composer Context label typography,composer,composer-context-control-geometry-fix,composer-context-label-typography-fix,Matched Hero and Sendable snapshots isolate the label-only product change; localized absolute-error accounting identifies its component contribution and the exact-bundle Native gate covers the changed typography.
2026-08-14T10:45:10+08:00,b1bd4ec83f98e4355beab763bf44428a43cdd61e,unmeasured-product-commit,,0,test(lynxtron): verify Native Context labels,shell,composer-context-label-typography-fix,composer-context-exact-icon-raster-fix,This interval ends in an explicit evidence measurement; no independent before/after measurement supports assigning its delta to this commit.
2026-08-14T10:57:58+08:00,e9a67067bc052282ef6521a23f5946a48ef1094b,unmeasured-product-commit,,0,docs(lynxtron): record Context label loss,shell+composer,composer-context-label-typography-fix,composer-context-exact-icon-raster-fix,This interval ends in an explicit evidence measurement; no independent before/after measurement supports assigning its delta to this commit.
2026-08-14T10:59:21+08:00,e70f0f4446aa41a0966fa2848109ae03da9c67c8,unmeasured-product-commit,,0,chore(lynxtron): restore canonical Context label report,shell,composer-context-label-typography-fix,composer-context-exact-icon-raster-fix,This interval ends in an explicit evidence measurement; no independent before/after measurement supports assigning its delta to this commit.
2026-08-14T11:13:16+08:00,6c96d45e857d561d60c5387913e2d1d2ca59ade1,unmeasured-product-commit,,0,fix(lynxtron): rasterize exact Context icons,shell,composer-context-label-typography-fix,composer-context-exact-icon-raster-fix,This interval ends in an explicit evidence measurement; no independent before/after measurement supports assigning its delta to this commit.
2026-08-14T11:16:44+08:00,6c96d45e857d561d60c5387913e2d1d2ca59ade1,measured-product-change,-0.000002,0.99,Composer Context exact icon rasters,composer,composer-context-label-typography-fix,composer-context-exact-icon-raster-fix,"Matched dark Hero and Sendable snapshots isolate the exact-raster product change; source-contract tests prevent stale path/fallback regression, and exact-bundle Native plus matched light diagnostic evidence cover both rendering targets."
2026-08-14T11:32:43+08:00,2ebe0a3bae36960a3732aeef1a5604de9843fdc8,unmeasured-product-commit,,0,docs(lynxtron): record exact Context icon loss,shell+composer,composer-context-exact-icon-raster-fix,composer-light-context-shared-ramp-fix,This interval ends in an explicit evidence measurement; no independent before/after measurement supports assigning its delta to this commit.
2026-08-14T11:34:15+08:00,a3250524f2d80d6b0bd80f781e8d96f2a4fe46fe,unmeasured-product-commit,,0,chore(lynxtron): restore canonical exact-icon report,shell,composer-context-exact-icon-raster-fix,composer-light-context-shared-ramp-fix,This interval ends in an explicit evidence measurement; no independent before/after measurement supports assigning its delta to this commit.
2026-08-14T11:41:41+08:00,9787f3abb42080f5e07d2735a0de123308ca055e,unmeasured-product-commit,,0,fix(lynxtron): match light Context material,shell,composer-context-exact-icon-raster-fix,composer-light-context-shared-ramp-fix,This interval ends in an explicit evidence measurement; no independent before/after measurement supports assigning its delta to this commit.
2026-08-14T11:48:21+08:00,4a037327cd456bb25f820923265570fdc0d0fb9a,unmeasured-product-commit,,0,test(lynxtron): verify Native light Context material,shell,composer-context-exact-icon-raster-fix,composer-light-context-shared-ramp-fix,This interval ends in an explicit evidence measurement; no independent before/after measurement supports assigning its delta to this commit.
2026-08-14T11:55:41+08:00,54bc2d7d19cb3c1ec88ff3d29f85d29502631c57,unmeasured-product-commit,,0,test(lynxtron): retain Native theme evidence,shell,composer-context-exact-icon-raster-fix,composer-light-context-shared-ramp-fix,This interval ends in an explicit evidence measurement; no independent before/after measurement supports assigning its delta to this commit.
2026-08-14T11:59:14+08:00,5cd230eba1b5c21a4330c5295cd7ba110d3379d5,unmeasured-product-commit,,0,test(lynxtron): separate screenshot metadata from outcomes,shell,composer-context-exact-icon-raster-fix,composer-light-context-shared-ramp-fix,This interval ends in an explicit evidence measurement; no independent before/after measurement supports assigning its delta to this commit.
2026-08-14T12:06:19+08:00,e3b3bee8c1c57606553d40604417e41af64f6e1d,unmeasured-product-commit,,0,fix(lynxtron): share light Context ramp,composer+shell,composer-context-exact-icon-raster-fix,composer-light-context-shared-ramp-fix,This interval ends in an explicit evidence measurement; no independent before/after measurement supports assigning its delta to this commit.
2026-08-14T12:11:19+08:00,e3b3bee8c1c57606553d40604417e41af64f6e1d,measured-product-change,-0.001354,0.99,Composer light Context shared material,shell,composer-context-exact-icon-raster-fix,composer-light-context-shared-ramp-fix,"Matched light Browser evidence supplies the whole-Composer residual; dark byte identity rules out regression, while exact-theme Native DOM and pixel evidence prove the shared ramp rather than the rejected Browser-only gradient."
2026-08-14T12:08:13+08:00,13afd4d56e986a8a640baade34f903dbd32655d2,unmeasured-product-commit,,0,test(lynxtron): verify Native light Context bands,shell,composer-light-context-shared-ramp-fix,composer-hero-1440-responsive-certification,This interval ends in an explicit evidence measurement; no independent before/after measurement supports assigning its delta to this commit.
2026-08-14T12:22:33+08:00,80f7fdc56a36f6e1becd2224ae645211467e2946,unmeasured-product-commit,,0,docs(lynxtron): record light Context material loss,shell+composer,composer-light-context-shared-ramp-fix,composer-hero-1440-responsive-certification,This interval ends in an explicit evidence measurement; no independent before/after measurement supports assigning its delta to this commit.
2026-08-14T12:24:07+08:00,aa587e982e5bf8115d503e46ed100e887c7ce63d,unmeasured-product-commit,,0,chore(lynxtron): restore canonical light Context report,shell,composer-light-context-shared-ramp-fix,composer-hero-1440-responsive-certification,This interval ends in an explicit evidence measurement; no independent before/after measurement supports assigning its delta to this commit.
2026-08-14T12:32:10+08:00,ad314b7a0ac39cfd431e2cee3fe703d42b5087ff,unmeasured-product-commit,,0,test(lynxtron): measure Native Composer wrappers,shell,composer-light-context-shared-ramp-fix,composer-hero-1440-responsive-certification,This interval ends in an explicit evidence measurement; no independent before/after measurement supports assigning its delta to this commit.
2026-08-14T12:33:15+08:00,19734617e39906923ead95ecd9ded1394db99fea,unmeasured-product-commit,,0,test(lynxtron): report Composer wrapper overlap,shell,composer-light-context-shared-ramp-fix,composer-hero-1440-responsive-certification,This interval ends in an explicit evidence measurement; no independent before/after measurement supports assigning its delta to this commit.
2026-08-14T12:34:50+08:00,2b018bcb3bf89bd864a46e0183729cd7f651a4a1,unmeasured-product-commit,,0,test(lynxtron): verify theme-aware muted controls,shell,composer-light-context-shared-ramp-fix,composer-hero-1440-responsive-certification,This interval ends in an explicit evidence measurement; no independent before/after measurement supports assigning its delta to this commit.
2026-08-14T12:37:58+08:00,a58e3272a874a764ccc255754dfd7e9ffd997da9,unmeasured-product-commit,,0,fix(lynxtron): key Composer control islands,composer,composer-light-context-shared-ramp-fix,composer-hero-1440-responsive-certification,This interval ends in an explicit evidence measurement; no independent before/after measurement supports assigning its delta to this commit.
2026-08-14T12:43:57+08:00,a58e3272a874a764ccc255754dfd7e9ffd997da9,measured-product-change,0,0.99,Composer Hero 1440 responsive certification,,composer-light-context-shared-ramp-fix,composer-hero-1440-responsive-certification,"Matched Browser viewports prove no responsive pixel regression, while repeated and forced-option Native cold starts directly cover the keyed reconciliation fix without changing ledger weights or duplicating existing material residuals."
2026-08-14T12:56:32+08:00,2d2086f1657735b76afed3c17c580ec0700350f8,unmeasured-product-commit,,0,docs(lynxtron): certify 1440 Composer scope,shell+composer,composer-hero-1440-responsive-certification,composer-footer-icon-material-fix,This interval ends in an explicit evidence measurement; no independent before/after measurement supports assigning its delta to this commit.
2026-08-14T12:57:25+08:00,509dcb604b45b6bb616589b31361b08cedb5c0c1,unmeasured-product-commit,,0,chore(lynxtron): restore canonical 1440 report,shell,composer-hero-1440-responsive-certification,composer-footer-icon-material-fix,This interval ends in an explicit evidence measurement; no independent before/after measurement supports assigning its delta to this commit.
2026-08-14T13:11:02+08:00,6a013a418b639734d723d6791451ec63b22bc270,unmeasured-product-commit,,0,fix(lynxtron): match Footer icon material,shell+composer,composer-hero-1440-responsive-certification,composer-footer-icon-material-fix,This interval ends in an explicit evidence measurement; no independent before/after measurement supports assigning its delta to this commit.
2026-08-14T13:22:36+08:00,6a013a418b639734d723d6791451ec63b22bc270,measured-product-change,-0.000002,0.99,Composer Footer icon material,composer,composer-hero-1440-responsive-certification,composer-footer-icon-material-fix,Direct matched dark Hero and Sendable before/after pairs isolate the icon-material change with unchanged geometry; light Browser and exact-theme Native independently cover the shared theme mapping and opacity contract.
2026-08-14T13:12:41+08:00,bb2397a9de05cfd9c5892d6af573cd90c56789fc,unmeasured-product-commit,,0,test(lynxtron): verify Native Footer icon alpha,shell,composer-footer-icon-material-fix,existing-thread-working-layout-fix,This interval ends in an explicit evidence measurement; no independent before/after measurement supports assigning its delta to this commit.
2026-08-14T13:26:03+08:00,f9dce52b0cb78790c203076972dc625b9befb20c,unmeasured-product-commit,,0,docs(lynxtron): record Footer icon material checkpoint,shell+composer,composer-footer-icon-material-fix,existing-thread-working-layout-fix,This interval ends in an explicit evidence measurement; no independent before/after measurement supports assigning its delta to this commit.
2026-08-14T13:27:25+08:00,0eff03d7b41e0788a0899e7f98b3f5d4f0ceb11f,unmeasured-product-commit,,0,chore(lynxtron): restore canonical Footer material report,shell,composer-footer-icon-material-fix,existing-thread-working-layout-fix,This interval ends in an explicit evidence measurement; no independent before/after measurement supports assigning its delta to this commit.
2026-08-14T13:37:48+08:00,798908be064eb15c43bc3deb5d9d8590add8e640,unmeasured-product-commit,,0,fix(lynxtron): reject mislabeled transcript fixtures,shell,composer-footer-icon-material-fix,existing-thread-working-layout-fix,This interval ends in an explicit evidence measurement; no independent before/after measurement supports assigning its delta to this commit.
2026-08-14T14:04:24+08:00,9e4e1187ad3eed3a177a638f6390648a906a267d,unmeasured-product-commit,,0,fix(lynxtron): align working transcript layout,composer+transcript+shell,composer-footer-icon-material-fix,existing-thread-working-layout-fix,This interval ends in an explicit evidence measurement; no independent before/after measurement supports assigning its delta to this commit.
2026-08-14T14:22:02+08:00,9e4e1187ad3eed3a177a638f6390648a906a267d,measured-product-change,-0.007822,0.99,Existing Thread working layout,transcript,composer-footer-icon-material-fix,existing-thread-working-layout-fix,"Direct matched Browser captures share one copied snapshot, route, thread, model, theme, density, and viewport around the product commit. Harness mismatches are recorded separately, and exact-bundle Native is used only for geometry/readiness corroboration."
2026-08-14T14:04:57+08:00,ac24168294e050de94fae589318553a531946101,unmeasured-product-commit,,0,fix(lynxtron): measure recycled transcript rows symmetrically,shell,existing-thread-working-layout-fix,existing-thread-completed-layout-fix,This interval ends in an explicit evidence measurement; no independent before/after measurement supports assigning its delta to this commit.
2026-08-14T14:13:27+08:00,c84340d382ea4331c4b4fada68d93edd0ea2b4b2,unmeasured-product-commit,,0,test(lynxtron): verify Native working transcript layout,shell,existing-thread-working-layout-fix,existing-thread-completed-layout-fix,This interval ends in an explicit evidence measurement; no independent before/after measurement supports assigning its delta to this commit.
2026-08-14T14:28:01+08:00,5cd03095935de4a01e258c2c75bdc0a911a6b759,unmeasured-product-commit,,0,docs(lynxtron): record working transcript checkpoint,shell,existing-thread-working-layout-fix,existing-thread-completed-layout-fix,This interval ends in an explicit evidence measurement; no independent before/after measurement supports assigning its delta to this commit.
2026-08-14T14:29:10+08:00,0bb66797f2604803e485738da428a742bfadbb67,unmeasured-product-commit,,0,chore(lynxtron): restore canonical working transcript report,shell,existing-thread-working-layout-fix,existing-thread-completed-layout-fix,This interval ends in an explicit evidence measurement; no independent before/after measurement supports assigning its delta to this commit.
2026-08-14T14:43:18+08:00,849bdbaedf77ba638d4c50429abd2d077d95f8eb,unmeasured-product-commit,,0,feat(lynxtron): seed real completed transcript fixtures,transcript,existing-thread-working-layout-fix,existing-thread-completed-layout-fix,This interval ends in an explicit evidence measurement; no independent before/after measurement supports assigning its delta to this commit.
2026-08-14T14:44:38+08:00,a02a4f89df8ca6b1e17a80ec593520897f7cc755,unmeasured-product-commit,,0,feat(lynxtron): capture explicit transcript fixtures,shell,existing-thread-working-layout-fix,existing-thread-completed-layout-fix,This interval ends in an explicit evidence measurement; no independent before/after measurement supports assigning its delta to this commit.
2026-08-14T14:49:15+08:00,c9ecda9e2e9024344cc028294384b22b428a46ed,unmeasured-product-commit,,0,fix(lynxtron): reject invalid completed transcripts,transcript,existing-thread-working-layout-fix,existing-thread-completed-layout-fix,This interval ends in an explicit evidence measurement; no independent before/after measurement supports assigning its delta to this commit.
2026-08-14T14:54:26+08:00,74d17cb74ebcf860e8303b034f28766b87ec0eda,unmeasured-product-commit,,0,fix(lynxtron): align settled transcript spacing,transcript+shell,existing-thread-working-layout-fix,existing-thread-completed-layout-fix,This interval ends in an explicit evidence measurement; no independent before/after measurement supports assigning its delta to this commit.
2026-08-14T14:56:43+08:00,07703c5818c0282bf99800120c4b75fd49b20522,unmeasured-product-commit,,0,test(lynxtron): verify Native completed transcripts,shell,existing-thread-working-layout-fix,existing-thread-completed-layout-fix,This interval ends in an explicit evidence measurement; no independent before/after measurement supports assigning its delta to this commit.
2026-08-14T15:12:55+08:00,f85406aa9ab65fe0e4b954c57002d08586a94dfc,unmeasured-product-commit,,0,fix(lynxtron): stabilize completed transcript spacing,transcript+shell,existing-thread-working-layout-fix,existing-thread-completed-layout-fix,This interval ends in an explicit evidence measurement; no independent before/after measurement supports assigning its delta to this commit.
2026-08-14T15:13:25+08:00,d354587e705a3d990f32c79c8b10c0b838a4fb23,unmeasured-product-commit,,0,fix(lynxtron): verify provider-shaped Composer controls,shell,existing-thread-working-layout-fix,existing-thread-completed-layout-fix,This interval ends in an explicit evidence measurement; no independent before/after measurement supports assigning its delta to this commit.
2026-08-14T15:18:25+08:00,65300ce8a08db8c5901ad2b8e890d5cf01bce402,unmeasured-product-commit,,0,fix(lynxtron): split transcript inset by renderer,transcript+shell,existing-thread-working-layout-fix,existing-thread-completed-layout-fix,This interval ends in an explicit evidence measurement; no independent before/after measurement supports assigning its delta to this commit.
2026-08-14T15:23:56+08:00,65300ce8a08db8c5901ad2b8e890d5cf01bce402,measured-product-change,-0.007835,0.99,Existing Thread completed layout,transcript,existing-thread-working-layout-fix,existing-thread-completed-layout-fix,"Direct before/after Browser captures share the same immutable completed-turn database, route, thread, model, theme, density, and viewport. Provider and geometry harness mismatches are recorded separately, and Native remains corroborating rather than replacing a pixel residual."
2026-08-14T15:30:15+08:00,1ba707260b26b5901ef5e92c54c0b7a773c480aa,unmeasured-product-commit,,0,docs(lynxtron): record completed transcript checkpoint,shell,existing-thread-completed-layout-fix,existing-thread-failed-presentation-fix,This interval ends in an explicit evidence measurement; no independent before/after measurement supports assigning its delta to this commit.
2026-08-14T15:31:17+08:00,58f725b749cb809a002063efb5985358bb94aab4,unmeasured-product-commit,,0,chore(lynxtron): restore canonical completed transcript report,shell,existing-thread-completed-layout-fix,existing-thread-failed-presentation-fix,This interval ends in an explicit evidence measurement; no independent before/after measurement supports assigning its delta to this commit.
2026-08-14T15:36:36+08:00,eaf547791e9e3fb6501049047d658a6a2f7b52d7,unmeasured-product-commit,,0,feat(lynxtron): seed real failed transcript fixtures,transcript,existing-thread-completed-layout-fix,existing-thread-failed-presentation-fix,This interval ends in an explicit evidence measurement; no independent before/after measurement supports assigning its delta to this commit.
2026-08-14T15:58:53+08:00,f0bfa0a27cab22ce1833e454c921185543d5b2a8,unmeasured-product-commit,,0,fix(lynxtron): verify shared-state snapshots exist,shell,existing-thread-completed-layout-fix,existing-thread-failed-presentation-fix,This interval ends in an explicit evidence measurement; no independent before/after measurement supports assigning its delta to this commit.
2026-08-14T15:59:29+08:00,ef4fcb9f83fb41dbbd323a082f5bd6e33c0d3109,unmeasured-product-commit,,0,fix(lynxtron): match failed thread presentation,shell+transcript+composer,existing-thread-completed-layout-fix,existing-thread-failed-presentation-fix,This interval ends in an explicit evidence measurement; no independent before/after measurement supports assigning its delta to this commit.
2026-08-14T16:10:30+08:00,13d2cebdbfabca6a7ef523a5abc5104016e6b584,unmeasured-product-commit,,0,fix(lynxtron): preserve failed-thread model fallback,shell+composer,existing-thread-completed-layout-fix,existing-thread-failed-presentation-fix,This interval ends in an explicit evidence measurement; no independent before/after measurement supports assigning its delta to this commit.
2026-08-14T19:09:09+08:00,13d2cebdbfabca6a7ef523a5abc5104016e6b584,measured-product-change,-0.006059,0.99,Existing Thread failed presentation,transcript,existing-thread-completed-layout-fix,existing-thread-failed-presentation-fix,"Direct before/after Browser captures share one immutable failed-turn database, route, thread, theme, density, and viewport. Snapshot and connector transport mismatches are recorded separately, while Native remains corroborating rather than replacing the Browser pixel residual."
2026-08-14T16:11:19+08:00,eca31a35d02f0bfa9640e83cd28464bc5cc4c7f1,unmeasured-product-commit,,0,test(lynxtron): verify Native failed transcripts,shell,existing-thread-failed-presentation-fix,existing-thread-approval-layout-fix,This interval ends in an explicit evidence measurement; no independent before/after measurement supports assigning its delta to this commit.
2026-08-14T19:14:40+08:00,0e10f626f8df543fc64c1f2b4b486f284a732a85,unmeasured-product-commit,,0,docs(lynxtron): record failed transcript checkpoint,shell,existing-thread-failed-presentation-fix,existing-thread-approval-layout-fix,This interval ends in an explicit evidence measurement; no independent before/after measurement supports assigning its delta to this commit.
2026-08-14T19:15:51+08:00,2b020754aa97b6272639670a19b49e36bbd28553,unmeasured-product-commit,,0,chore(lynxtron): restore canonical failed transcript report,shell,existing-thread-failed-presentation-fix,existing-thread-approval-layout-fix,This interval ends in an explicit evidence measurement; no independent before/after measurement supports assigning its delta to this commit.
2026-08-15T01:24:33+08:00,547ebe3dbe6438d0952b94968f3b0e19be0f6589,unmeasured-product-commit,,0,fix(lynxtron): stack approval composer content,composer+shell,existing-thread-failed-presentation-fix,existing-thread-approval-layout-fix,This interval ends in an explicit evidence measurement; no independent before/after measurement supports assigning its delta to this commit.
2026-08-15T01:43:31+08:00,547ebe3dbe6438d0952b94968f3b0e19be0f6589,measured-product-change,-0.006983,0.99,Existing Thread approval layout,transcript,existing-thread-failed-presentation-fix,existing-thread-approval-layout-fix,"Direct before/after Browser captures share one immutable approval database, selected thread, route, theme, density, and viewport. The initial stale semantic projection, regenerated thread title, and Browser-versus-Native box-model semantics are recorded as harness mismatches, while Native remains corroborating rather than replacing the Browser pixel residual."
2026-08-15T01:26:13+08:00,82d7af0b233bfa2cfd7367af73910d4ebbc03d1b,unmeasured-product-commit,,0,test(lynxtron): project approval capture semantics,shell,existing-thread-approval-layout-fix,existing-thread-question-interaction-fix,This interval ends in an explicit evidence measurement; no independent before/after measurement supports assigning its delta to this commit.
2026-08-15T01:37:27+08:00,55d279964d65ea19b502b5883b81cc3fb985d3d6,unmeasured-product-commit,,0,test(lynxtron): verify native approval state,shell,existing-thread-approval-layout-fix,existing-thread-question-interaction-fix,This interval ends in an explicit evidence measurement; no independent before/after measurement supports assigning its delta to this commit.
2026-08-15T01:50:20+08:00,0d85755a62c03f1ec7d3810c6608bebe9ea39d97,unmeasured-product-commit,,0,docs(lynxtron): record approval checkpoint,shell,existing-thread-approval-layout-fix,existing-thread-question-interaction-fix,This interval ends in an explicit evidence measurement; no independent before/after measurement supports assigning its delta to this commit.
2026-08-15T01:53:27+08:00,fc3d3e8f4fa258c9d29531a173a28f577516e1e1,unmeasured-product-commit,,0,chore(lynxtron): restore canonical approval report,shell,existing-thread-approval-layout-fix,existing-thread-question-interaction-fix,This interval ends in an explicit evidence measurement; no independent before/after measurement supports assigning its delta to this commit.
2026-08-15T04:01:36+09:00,f339d513f394c3d16858058919cb87215ffcc480,unmeasured-product-commit,,0,fix(lynxtron): restore shell interaction feedback,shell+overlays+review,existing-thread-approval-layout-fix,existing-thread-question-interaction-fix,This interval ends in an explicit evidence measurement; no independent before/after measurement supports assigning its delta to this commit.
2026-08-15T04:02:36+09:00,676718c2506ce35f57e8221f312b69c5228a57e2,unmeasured-product-commit,,0,test(lynxtron): verify shell interaction states,shell,existing-thread-approval-layout-fix,existing-thread-question-interaction-fix,This interval ends in an explicit evidence measurement; no independent before/after measurement supports assigning its delta to this commit.
2026-08-15T04:41:34+09:00,686456d8f51ad3c030ac650e0b82de4cd907010e,unmeasured-product-commit,,0,feat(lynxtron): answer pending questions,shell+composer+transcript,existing-thread-approval-layout-fix,existing-thread-question-interaction-fix,This interval ends in an explicit evidence measurement; no independent before/after measurement supports assigning its delta to this commit.
2026-08-15T04:55:57+09:00,686456d8f51ad3c030ac650e0b82de4cd907010e,measured-product-change,-0.011783,0.99,Existing Thread question interaction,transcript,existing-thread-approval-layout-fix,existing-thread-question-interaction-fix,"Direct before/after Browser captures share one real pending-question database, selected thread, route, theme, density, and viewport. Clipped Native list content measurement and omitted dynamic option attributes are recorded as harness mismatches. Native interaction is scored only for interaction/runtime, not material pixels."
2026-08-15T04:42:32+09:00,ca2a1acbda8b062c3a4f299e1921890fec4f92d5,unmeasured-product-commit,,0,test(lynxtron): compare clipped question rows,shell,existing-thread-question-interaction-fix,composer-disabled-recovery-certification,This interval ends in an explicit evidence measurement; no independent before/after measurement supports assigning its delta to this commit.
2026-08-15T04:50:39+09:00,b6efc22303a125b6f70adf2c56efdb9548fdd5f6,unmeasured-product-commit,,0,test(lynxtron): verify native question responses,shell,existing-thread-question-interaction-fix,composer-disabled-recovery-certification,This interval ends in an explicit evidence measurement; no independent before/after measurement supports assigning its delta to this commit.
2026-08-15T05:03:43+09:00,ef97e650b6285478ad3f64b238ee156d287debc1,unmeasured-product-commit,,0,docs(lynxtron): record question checkpoint,shell,existing-thread-question-interaction-fix,composer-disabled-recovery-certification,This interval ends in an explicit evidence measurement; no independent before/after measurement supports assigning its delta to this commit.
2026-08-15T05:05:27+09:00,952e01a9193dcc1520c2101021ba86795dceef11,unmeasured-product-commit,,0,chore(lynxtron): restore canonical question report,shell,existing-thread-question-interaction-fix,composer-disabled-recovery-certification,This interval ends in an explicit evidence measurement; no independent before/after measurement supports assigning its delta to this commit.
2026-08-15T05:18:49+09:00,f7b9aaeb7eafb36c3f2dc1518a796ea6ef6c5141,unmeasured-product-commit,,0,test(lynxtron): verify disabled composer recovery,shell,existing-thread-question-interaction-fix,composer-disabled-recovery-certification,This interval ends in an explicit evidence measurement; no independent before/after measurement supports assigning its delta to this commit.
2026-08-15T05:27:13+09:00,f7b9aaeb7eafb36c3f2dc1518a796ea6ef6c5141,evidence-session,-0.017713,0.99,Composer disabled recovery certification,composer,existing-thread-question-interaction-fix,composer-disabled-recovery-certification,Matched Browser evidence measures the existing disabled state without a before/after product change. Exact-bundle Native proves real failure and recovery semantics after removing a startup-race harness mismatch; Native material pixels remain unscored.
2026-08-15T05:28:30+09:00,c8f0355f4107455c58907eb3e699dd556c4da18e,unmeasured-product-commit,,0,docs(lynxtron): certify disabled composer recovery,shell+composer,composer-disabled-recovery-certification,review-diff-browser-baseline,This interval ends in an explicit evidence measurement; no independent before/after measurement supports assigning its delta to this commit.
2026-08-15T05:40:00+09:00,c8f0355f4107455c58907eb3e699dd556c4da18e,evidence-session,-0.002878,0.99,Review diff Browser baseline,review,composer-disabled-recovery-certification,review-diff-browser-baseline,The baseline measures a previously unknown fixed-denominator state from one immutable real checkpoint. It establishes product loss but makes no product change.
2026-08-15T05:43:58+09:00,2d6395d01b65b7b6ff5118b1180422f144d7d12d,unmeasured-product-commit,,0,fix(lynxtron): load review diffs in browser preview,shell,review-diff-browser-baseline,review-diff-rendering-fix,This interval ends in an explicit evidence measurement; no independent before/after measurement supports assigning its delta to this commit.
2026-08-15T06:05:48+09:00,bae3768289d7d8e234a40a774b708aafdb99a7ab,unmeasured-product-commit,,0,fix(lynxtron): align narrow review layouts,shell+composer+review+transcript,review-diff-browser-baseline,review-diff-rendering-fix,This interval ends in an explicit evidence measurement; no independent before/after measurement supports assigning its delta to this commit.
2026-08-15T06:06:00+09:00,bae3768289d7d8e234a40a774b708aafdb99a7ab,measured-product-change,-0.007663,0.99,Review diff rendering,review,review-diff-browser-baseline,review-diff-rendering-fix,"Direct before/after Browser captures share one immutable database, selected thread, completed turn, checkpoint, file, route, theme, and viewport. Old R10 and Native-selector expectations are classified separately as harness mismatches."
2026-08-15T06:07:13+09:00,1845d971b954730765e4b04135998e66bb7091cc,unmeasured-product-commit,,0,test(lynxtron): admit rendered review patches,shell+review,review-diff-rendering-fix,review-diff-native-certification,This interval ends in an explicit evidence measurement; no independent before/after measurement supports assigning its delta to this commit.
2026-08-15T06:13:02+09:00,9e2c6770e7fa6a7ab88cc1c3a422e43554194ffe,unmeasured-product-commit,,0,test(lynxtron): verify native review patches,shell,review-diff-rendering-fix,review-diff-native-certification,This interval ends in an explicit evidence measurement; no independent before/after measurement supports assigning its delta to this commit.
2026-08-15T06:20:28+09:00,9e2c6770e7fa6a7ab88cc1c3a422e43554194ffe,evidence-session,-0.014517,0.99,Review diff Native certification,review,review-diff-rendering-fix,review-diff-native-certification,The verifier commit adds exact-bundle Native evidence for the already measured product fix. It does not claim another product delta or substitute Native pixels for the Browser residual.
2026-08-15T06:26:45+09:00,52b94146f27cbca14ef27bc42ac1889fbd64478e,unmeasured-product-commit,,0,docs(lynxtron): record review diff checkpoint,shell+review,review-diff-native-certification,new-thread-hero-browser-certification,This interval ends in an explicit evidence measurement; no independent before/after measurement supports assigning its delta to this commit.
2026-08-15T06:36:00+09:00,52b94146f27cbca14ef27bc42ac1889fbd64478e,evidence-session,-0.007601,0.99,New Thread Hero Browser certification,shell,review-diff-native-certification,new-thread-hero-browser-certification,This point replaces stale and invalid Hero evidence with one current immutable matched Browser measurement. The unavailable-Codex pair is classified as a fixture mismatch rather than scored.
2026-08-15T06:44:16+09:00,c7d056fb7f349f77b2e567ed4493cb523eb17ada,unmeasured-product-commit,,0,test(lynxtron): verify native hero composer,shell,new-thread-hero-browser-certification,new-thread-hero-native-certification,This interval ends in an explicit evidence measurement; no independent before/after measurement supports assigning its delta to this commit.
2026-08-15T06:45:03+09:00,c7d056fb7f349f77b2e567ed4493cb523eb17ada,evidence-session,-0.008221,0.99,New Thread Hero Native certification,shell,new-thread-hero-browser-certification,new-thread-hero-native-certification,"The verifier adds current exact-bundle Native content, geometry, and runtime evidence for an already matching state. No product delta or Native pixel parity is claimed."
2026-08-15T06:54:14+09:00,0d9043aa870acb13541a64f7622fabc11a34effa,unmeasured-product-commit,,0,docs(lynxtron): certify current hero state,shell,new-thread-hero-native-certification,composer-working-browser-certification,This interval ends in an explicit evidence measurement; no independent before/after measurement supports assigning its delta to this commit.
2026-08-15T07:03:16+09:00,1ca68b58353bd0b8e682f7ab39b666a96e7d3d44,unmeasured-product-commit,,0,fix(harness): preserve generated fidelity reports,shell,new-thread-hero-native-certification,composer-working-browser-certification,This interval ends in an explicit evidence measurement; no independent before/after measurement supports assigning its delta to this commit.
2026-08-15T07:10:00+09:00,1ca68b58353bd0b8e682f7ab39b666a96e7d3d44,evidence-session,-0.007752,0.99,Composer working Browser certification,composer,new-thread-hero-native-certification,composer-working-browser-certification,"Fresh matched Browser evidence replaces stale Composer-working cells without a product change. The frozen snapshot is used only for renderer state, not Native provider-process causality."
2026-08-15T07:18:44+09:00,3c61c2d287cf894f917e795b32c12feae5f43f9f,unmeasured-product-commit,,0,test(lynxtron): allow provider-shaped working controls,shell,composer-working-browser-certification,composer-working-native-certification,This interval ends in an explicit evidence measurement; no independent before/after measurement supports assigning its delta to this commit.
2026-08-15T07:19:45+09:00,3c61c2d287cf894f917e795b32c12feae5f43f9f,evidence-session,-0.008146,0.99,Composer working Native certification,composer,composer-working-browser-certification,composer-working-native-certification,Fresh exact-bundle causal evidence fills Native working interaction/runtime without claiming a second product delta or Native pixel parity.
2026-08-15T07:28:22+09:00,db291a4751668918d1005aec480941dc7a1db7e0,unmeasured-product-commit,,0,docs(lynxtron): certify current working composer,shell+composer,composer-working-native-certification,settings-general-browser-certification,This interval ends in an explicit evidence measurement; no independent before/after measurement supports assigning its delta to this commit.
2026-08-15T07:34:00+09:00,db291a4751668918d1005aec480941dc7a1db7e0,evidence-session,-0.004963,0.99,Settings General Browser certification,settings,composer-working-native-certification,settings-general-browser-certification,Fresh current-head Browser evidence replaces stale Settings General cells without a product change. Material remains measured at its actual residual.
2026-08-15T07:39:23+09:00,8805a4301835add3395c535e6058295ad8c17846,unmeasured-product-commit,,0,test(lynxtron): capture native general settings,shell,settings-general-browser-certification,settings-general-native-certification,This interval ends in an explicit evidence measurement; no independent before/after measurement supports assigning its delta to this commit.
2026-08-15T07:40:28+09:00,8805a4301835add3395c535e6058295ad8c17846,evidence-session,-0.011294,0.99,Settings General Native certification,settings,settings-general-browser-certification,settings-general-native-certification,"Fresh exact-bundle Native content, geometry, interaction, and runtime evidence fills current Settings cells without claiming Native material parity or a product delta."
2026-08-15T07:48:29+09:00,b4f6e11096fdf3e7af17a75906bc7e8e3632e8e6,unmeasured-product-commit,,0,test(lynxtron): stabilize settings verifier contract,shell,settings-general-native-certification,model-picker-default-browser-certification,This interval ends in an explicit evidence measurement; no independent before/after measurement supports assigning its delta to this commit.
2026-08-15T07:49:17+09:00,b26b17aa29fd6130d8ee369e3802ca658607a7ec,unmeasured-product-commit,,0,docs(lynxtron): certify current general settings,shell+settings,settings-general-native-certification,model-picker-default-browser-certification,This interval ends in an explicit evidence measurement; no independent before/after measurement supports assigning its delta to this commit.
2026-08-15T14:16:29+09:00,1cc385c8e3197489767bbe9db5535a960ecba6eb,unmeasured-product-commit,,0,fix(lynxtron): reap workbench browser processes,shell,settings-general-native-certification,model-picker-default-browser-certification,This interval ends in an explicit evidence measurement; no independent before/after measurement supports assigning its delta to this commit.
2026-08-15T14:36:21+09:00,12b76d6ffbf21c2e93d037b3b3b3350c52689113,unmeasured-product-commit,,0,fix(lynxtron): constrain model picker scroll layout,overlays+shell,settings-general-native-certification,model-picker-default-browser-certification,This interval ends in an explicit evidence measurement; no independent before/after measurement supports assigning its delta to this commit.
2026-08-15T14:37:44+09:00,12b76d6ffbf21c2e93d037b3b3b3350c52689113,working-tree-product-change,-0.006653,0.99,Model Picker default Browser certification,overlays,settings-general-native-certification,model-picker-default-browser-certification,Fresh current-head Browser evidence measures the product fix against the same immutable state. A one-thread fixture mismatch and development shutdown noise are classified separately and excluded.
2026-08-15T14:38:04+09:00,12b76d6ffbf21c2e93d037b3b3b3350c52689113,evidence-session,-0.01114,0.99,Model Picker default Native certification,overlays,model-picker-default-browser-certification,model-picker-default-native-certification,"Fresh exact-bundle Native content, geometry, interaction, and runtime evidence fills current Model Picker cells without claiming Native material parity or a second product delta."
2026-08-15T14:44:03+09:00,3b8c121e6b173c6ce17fa919313c53c8c56f3a5a,unmeasured-product-commit,,0,docs(lynxtron): certify current model picker,shell,model-picker-default-native-certification,settings-source-control-browser-certification,This interval ends in an explicit evidence measurement; no independent before/after measurement supports assigning its delta to this commit.
2026-08-15T14:48:41+09:00,cdaa07091a4dd6d3998bd906823d453bde99d044,unmeasured-product-commit,,0,test(lynxtron): measure settings section geometry,shell,model-picker-default-native-certification,settings-source-control-browser-certification,This interval ends in an explicit evidence measurement; no independent before/after measurement supports assigning its delta to this commit.
2026-08-15T14:50:52+09:00,669b2a5aa23e5f4eb145fee44c4c4d8aac028192,unmeasured-product-commit,,0,test(lynxtron): scope settings geometry probes,shell,model-picker-default-native-certification,settings-source-control-browser-certification,This interval ends in an explicit evidence measurement; no independent before/after measurement supports assigning its delta to this commit.
2026-08-15T15:13:38+09:00,e54088e563d04c1122133b476eb83fb1f317116c,unmeasured-product-commit,,0,test(lynxtron): expose Lynx layout tokens,shell,model-picker-default-native-certification,settings-source-control-browser-certification,This interval ends in an explicit evidence measurement; no independent before/after measurement supports assigning its delta to this commit.
2026-08-15T15:22:31+09:00,ae5dcbdb8a6509dd8d2a63d905e7a83dd889bb75,unmeasured-product-commit,,0,test(lynxtron): record measured host attributes,shell,model-picker-default-native-certification,settings-source-control-browser-certification,This interval ends in an explicit evidence measurement; no independent before/after measurement supports assigning its delta to this commit.
2026-08-15T15:35:07+09:00,14749aa860951f33df74e9de4606a4affddaa0f2,unmeasured-product-commit,,0,test(lynxtron): follow direct source control host,shell,model-picker-default-native-certification,settings-source-control-browser-certification,This interval ends in an explicit evidence measurement; no independent before/after measurement supports assigning its delta to this commit.
2026-08-15T15:41:26+09:00,fa8a311e2f6d65b3021ced6c30a2858ad6a99f25,unmeasured-product-commit,,0,test(lynxtron): trace settings panel ancestors,shell,model-picker-default-native-certification,settings-source-control-browser-certification,This interval ends in an explicit evidence measurement; no independent before/after measurement supports assigning its delta to this commit.
2026-08-15T15:56:39+09:00,7ec56daaa12ce81e6f227c1738a635c7de9c6f75,unmeasured-product-commit,,0,test(lynxtron): measure settings row geometry,shell,model-picker-default-native-certification,settings-source-control-browser-certification,This interval ends in an explicit evidence measurement; no independent before/after measurement supports assigning its delta to this commit.
2026-08-15T15:59:10+09:00,cb6679b03d5b212fb46d528f0cad231a2d232be2,unmeasured-product-commit,,0,test(lynxtron): measure settings row children,shell,model-picker-default-native-certification,settings-source-control-browser-certification,This interval ends in an explicit evidence measurement; no independent before/after measurement supports assigning its delta to this commit.
2026-08-15T16:05:52+09:00,b34ee75baee3e22f56faeea509675ada7b40c219,unmeasured-product-commit,,0,test(lynxtron): measure source control row children,shell,model-picker-default-native-certification,settings-source-control-browser-certification,This interval ends in an explicit evidence measurement; no independent before/after measurement supports assigning its delta to this commit.
2026-08-15T16:14:47+09:00,01153a8ea5c7a994d4720f0bfba982ff2ab18f92,unmeasured-product-commit,,0,test(lynxtron): verify native source control settings,shell,model-picker-default-native-certification,settings-source-control-browser-certification,This interval ends in an explicit evidence measurement; no independent before/after measurement supports assigning its delta to this commit.
2026-08-15T16:17:04+09:00,7969899b001369799050a764a14687d31574ba57,unmeasured-product-commit,,0,fix(lynxtron): complete source control settings,settings+shell,model-picker-default-native-certification,settings-source-control-browser-certification,This interval ends in an explicit evidence measurement; no independent before/after measurement supports assigning its delta to this commit.
2026-08-15T16:18:40+09:00,7969899b001369799050a764a14687d31574ba57,working-tree-product-change,-0.006619,0.99,Settings Source Control Browser certification,settings,model-picker-default-native-certification,settings-source-control-browser-certification,Fresh current-head matched Browser evidence measures the Source Control product repair. Web selector gaps and development shutdown noise are classified separately and excluded.
2026-08-15T16:19:12+09:00,7969899b001369799050a764a14687d31574ba57,evidence-session,-0.011613,0.99,Settings Source Control Native certification,settings,settings-source-control-browser-certification,settings-source-control-native-certification,"Fresh exact-bundle Native content, geometry, interaction, and runtime evidence fills Source Control cells without claiming Native material parity or a second product delta."
2026-08-15T16:25:24+09:00,c1e24c1f5a8d4b1b195ae0a653550bf88682c7c2,unmeasured-product-commit,,0,docs(lynxtron): certify source control settings,settings+shell,settings-source-control-native-certification,project-scope-open-browser-certification,This interval ends in an explicit evidence measurement; no independent before/after measurement supports assigning its delta to this commit.
2026-08-15T16:37:28+09:00,f7a21e8444c374bce6679a838753b49bc0168b82,unmeasured-product-commit,,0,test(lynxtron): forbid agent browser in workbench capture,shell,settings-source-control-native-certification,project-scope-open-browser-certification,This interval ends in an explicit evidence measurement; no independent before/after measurement supports assigning its delta to this commit.
2026-08-15T16:39:18+09:00,5b7f3e72b4ad360af14fbe8ae7317ac7aa2cef5e,unmeasured-product-commit,,0,fix(lynxtron): follow current sidebar search selector,shell,settings-source-control-native-certification,project-scope-open-browser-certification,This interval ends in an explicit evidence measurement; no independent before/after measurement supports assigning its delta to this commit.
2026-08-15T16:43:50+09:00,f25167e6f2e22b76965c15b9d95ca9cb5fa3e09e,unmeasured-product-commit,,0,fix(lynxtron): drive scope gate through sidebar rows,shell,settings-source-control-native-certification,project-scope-open-browser-certification,This interval ends in an explicit evidence measurement; no independent before/after measurement supports assigning its delta to this commit.
2026-08-15T16:46:39+09:00,6220fb8bc3f3e2172f1cb2db2340e912d16e9a1c,unmeasured-product-commit,,0,fix(lynxtron): use supported native row selector,shell,settings-source-control-native-certification,project-scope-open-browser-certification,This interval ends in an explicit evidence measurement; no independent before/after measurement supports assigning its delta to this commit.
2026-08-15T16:55:54+09:00,1fd51ad4c495f7ae83cceb142abe91b84911c21e,unmeasured-product-commit,,0,fix(lynxtron): focus scope gate on scope behavior,shell,settings-source-control-native-certification,project-scope-open-browser-certification,This interval ends in an explicit evidence measurement; no independent before/after measurement supports assigning its delta to this commit.
2026-08-15T17:20:19+09:00,c0a8bc284a77b6702cf133b5d52cc0a2ce25b0b8,unmeasured-product-commit,,0,test(lynxtron): report scope dismiss geometry,shell,settings-source-control-native-certification,project-scope-open-browser-certification,This interval ends in an explicit evidence measurement; no independent before/after measurement supports assigning its delta to this commit.
2026-08-15T17:37:43+09:00,2169254719e9ffe6f043170eb9922a5be3e224f6,unmeasured-product-commit,,0,test(lynxtron): measure sidebar card surface owners,shell,settings-source-control-native-certification,project-scope-open-browser-certification,This interval ends in an explicit evidence measurement; no independent before/after measurement supports assigning its delta to this commit.
2026-08-15T18:40:35+09:00,c03b3378171d6145c0b3a0329f7081524b6a3b9d,unmeasured-product-commit,,0,fix(lynxtron): avoid persistent devtool daemon in verifier,shell,settings-source-control-native-certification,project-scope-open-browser-certification,This interval ends in an explicit evidence measurement; no independent before/after measurement supports assigning its delta to this commit.
2026-08-15T18:46:33+09:00,ca8a7ed8886c09a84ecb98f0c49a1f92e3b7297e,unmeasured-product-commit,,0,fix(lynxtron): own verifier devtool daemon lifecycle,shell,settings-source-control-native-certification,project-scope-open-browser-certification,This interval ends in an explicit evidence measurement; no independent before/after measurement supports assigning its delta to this commit.
2026-08-15T18:49:43+09:00,b2ee3028d59535f3ca7cb11628f886b4ee96a684,unmeasured-product-commit,,0,fix(lynxtron): keep console check daemonless,shell,settings-source-control-native-certification,project-scope-open-browser-certification,This interval ends in an explicit evidence measurement; no independent before/after measurement supports assigning its delta to this commit.
2026-08-15T18:53:28+09:00,37acf598cbaa5c2238c448b9372a0b62c3335f87,unmeasured-product-commit,,0,fix(lynxtron): prove owned devtool daemon exits,shell,settings-source-control-native-certification,project-scope-open-browser-certification,This interval ends in an explicit evidence measurement; no independent before/after measurement supports assigning its delta to this commit.
2026-08-15T18:55:41+09:00,e5dd3edd27c79d007064a941733b3dc2583a9d7d,unmeasured-product-commit,,0,fix(lynxtron): reap isolated devtool listener,shell,settings-source-control-native-certification,project-scope-open-browser-certification,This interval ends in an explicit evidence measurement; no independent before/after measurement supports assigning its delta to this commit.
2026-08-15T18:58:39+09:00,02f2dd25f33c9c1eef49841f827e3d9455b077a4,unmeasured-product-commit,,0,fix(lynxtron): restore truthful sidebar project cards,shell,settings-source-control-native-certification,project-scope-open-browser-certification,This interval ends in an explicit evidence measurement; no independent before/after measurement supports assigning its delta to this commit.
2026-08-15T19:01:39+09:00,02f2dd25f33c9c1eef49841f827e3d9455b077a4,working-tree-product-change,-0.005471,0.99,Project Scope Browser certification,shell,settings-source-control-native-certification,project-scope-open-browser-certification,"Fresh matched Browser evidence measures the Sidebar card and project-scope product repair. Selector drift, DevTool daemon lifecycle, and external agent-browser residue are classified separately as harness issues."
2026-08-15T19:01:39+09:00,02f2dd25f33c9c1eef49841f827e3d9455b077a4,evidence-session,-0.011613,0.99,Project Scope Native certification,shell,project-scope-open-browser-certification,project-scope-open-native-certification,"Fresh exact-bundle Native content, geometry, interaction, and runtime evidence fills project-scope cells without claiming Native material parity or a second product delta."
2026-08-15T19:05:01+09:00,7675fd42dd2f4e2dfaad7fe3573801f7213de12c,unmeasured-product-commit,,0,docs(lynxtron): certify project scope fidelity,shell,project-scope-open-native-certification,composer-hero-non-git-browser-certification,This interval ends in an explicit evidence measurement; no independent before/after measurement supports assigning its delta to this commit.
2026-08-15T19:53:04+09:00,e36c6694d5009b37e88808d874fcce3060da5f88,unmeasured-product-commit,,0,test(lynxtron): verify non-git hero context,shell,project-scope-open-native-certification,composer-hero-non-git-browser-certification,This interval ends in an explicit evidence measurement; no independent before/after measurement supports assigning its delta to this commit.
2026-08-15T19:56:51+09:00,dfee2469653d51336abfed60cca1928c4cd3cf61,unmeasured-product-commit,,0,fix(lynxtron): hide context outside git repos,shell+composer,project-scope-open-native-certification,composer-hero-non-git-browser-certification,This interval ends in an explicit evidence measurement; no independent before/after measurement supports assigning its delta to this commit.
2026-08-15T19:58:44+09:00,dfee2469653d51336abfed60cca1928c4cd3cf61,working-tree-product-change,-0.000007,0.99,Composer Hero non-git Browser certification,composer,project-scope-open-native-certification,composer-hero-non-git-browser-certification,"Fresh matched Browser evidence measures the typed VCS context and Hero sizing product repair. Provider mismatch, unconditional verifier selectors, and package-manager runtime checks are classified separately as harness issues."
2026-08-15T19:58:44+09:00,dfee2469653d51336abfed60cca1928c4cd3cf61,evidence-session,-0.010593,0.99,Composer Hero non-git Native certification,composer,composer-hero-non-git-browser-certification,composer-hero-non-git-native-certification,"Fresh exact-bundle Native content, geometry, and runtime evidence fills the non-git Hero scope without claiming a second product delta, Native material parity, or unperformed physical input."
2026-08-15T20:03:27+09:00,fd1d70d252413edb52c74cbfd903f10caec1e765,unmeasured-product-commit,,0,docs(lynxtron): certify non-git composer hero,composer+shell,composer-hero-non-git-native-certification,composer-sendable-non-git-browser-certification,This interval ends in an explicit evidence measurement; no independent before/after measurement supports assigning its delta to this commit.
2026-08-15T20:08:00+09:00,fd1d70d252413edb52c74cbfd903f10caec1e765,evidence-session,-0.000115,0.99,Composer Sendable non-git Browser certification,composer,composer-hero-non-git-native-certification,composer-sendable-non-git-browser-certification,Fresh current-head Browser input evidence supersedes stale sendable measurements without a product change. Native blocker cells are intentionally untouched because no authorized physical keyboard session occurred.
2026-08-15T20:10:47+09:00,60238b2e50ac81015b1b1049cde3b2b1b893b701,unmeasured-product-commit,,0,docs(lynxtron): refresh sendable composer evidence,composer+shell,composer-sendable-non-git-browser-certification,existing-thread-idle-browser-certification,This interval ends in an explicit evidence measurement; no independent before/after measurement supports assigning its delta to this commit.
2026-08-15T20:19:44+09:00,434838893333b0cd5bc6c5d88970367ae39438eb,unmeasured-product-commit,,0,test(lynxtron): verify native idle session,shell,composer-sendable-non-git-browser-certification,existing-thread-idle-browser-certification,This interval ends in an explicit evidence measurement; no independent before/after measurement supports assigning its delta to this commit.
2026-08-15T20:21:25+09:00,88fd664ae1540fa225e710658d180a1654cc401f,unmeasured-product-commit,,0,test(lynxtron): bind idle context to vcs state,shell,composer-sendable-non-git-browser-certification,existing-thread-idle-browser-certification,This interval ends in an explicit evidence measurement; no independent before/after measurement supports assigning its delta to this commit.
2026-08-15T20:24:28+09:00,abe6ebe22b542de32736f8554ce594594aad5212,unmeasured-product-commit,,0,test(lynxtron): wait for idle composer signal,shell,composer-sendable-non-git-browser-certification,existing-thread-idle-browser-certification,This interval ends in an explicit evidence measurement; no independent before/after measurement supports assigning its delta to this commit.
2026-08-15T20:27:59+09:00,accd048b1436d78b921746fd241673dc867ad8b6,unmeasured-product-commit,,0,test(lynxtron): reject idle transcript placeholder drift,shell,composer-sendable-non-git-browser-certification,existing-thread-idle-browser-certification,This interval ends in an explicit evidence measurement; no independent before/after measurement supports assigning its delta to this commit.
2026-08-15T20:34:29+09:00,261e749dc532f3f048efe9d32ab9485e7f8ec31c,unmeasured-product-commit,,0,test(lynxtron): compare idle transcript copy,shell,composer-sendable-non-git-browser-certification,existing-thread-idle-browser-certification,This interval ends in an explicit evidence measurement; no independent before/after measurement supports assigning its delta to this commit.
2026-08-15T20:34:56+09:00,85c059b695a5d5b08bde6733ec86e1d95347d50a,unmeasured-product-commit,,0,fix(lynxtron): match idle transcript placeholder,transcript,composer-sendable-non-git-browser-certification,existing-thread-idle-browser-certification,This interval ends in an explicit evidence measurement; no independent before/after measurement supports assigning its delta to this commit.
2026-08-15T20:40:32+09:00,c35877ba1d906e0ab75295b29522e2d3f798946f,unmeasured-product-commit,,0,test(lynxtron): gate idle placeholder geometry,shell,composer-sendable-non-git-browser-certification,existing-thread-idle-browser-certification,This interval ends in an explicit evidence measurement; no independent before/after measurement supports assigning its delta to this commit.
2026-08-15T20:41:02+09:00,7e601230b5c3b6396ae524d891d18f3cc52fd065,unmeasured-product-commit,,0,fix(lynxtron): align idle placeholder geometry,transcript+shell,composer-sendable-non-git-browser-certification,existing-thread-idle-browser-certification,This interval ends in an explicit evidence measurement; no independent before/after measurement supports assigning its delta to this commit.
2026-08-15T20:44:52+09:00,eb70e4cd4d8b380c1781ec496e4506a07d35fdbc,unmeasured-product-commit,,0,fix(lynxtron): preserve idle timeline flex basis,shell,composer-sendable-non-git-browser-certification,existing-thread-idle-browser-certification,This interval ends in an explicit evidence measurement; no independent before/after measurement supports assigning its delta to this commit.
2026-08-15T20:50:27+09:00,3e300be3f7b06beafc94a8510b09a432c148e79e,unmeasured-product-commit,,0,test(lynxtron): gate native idle placeholder bounds,shell,composer-sendable-non-git-browser-certification,existing-thread-idle-browser-certification,This interval ends in an explicit evidence measurement; no independent before/after measurement supports assigning its delta to this commit.
2026-08-15T20:50:57+09:00,435e189abf3478e71b00592563090724ecc6a150,unmeasured-product-commit,,0,fix(lynxtron): expand native idle placeholder,shell,composer-sendable-non-git-browser-certification,existing-thread-idle-browser-certification,This interval ends in an explicit evidence measurement; no independent before/after measurement supports assigning its delta to this commit.
2026-08-15T20:54:22+09:00,5b858fdd7c4d5dd77aa68be64546b92a816b80fc,unmeasured-product-commit,,0,fix(lynxtron): lift idle placeholder overlay,transcript+shell,composer-sendable-non-git-browser-certification,existing-thread-idle-browser-certification,This interval ends in an explicit evidence measurement; no independent before/after measurement supports assigning its delta to this commit.
2026-08-15T21:00:24+09:00,c9b4248fc1b4d75d25df8984b71728ba55f6aa95,unmeasured-product-commit,,0,test(lynxtron): measure idle chat column bounds,shell,composer-sendable-non-git-browser-certification,existing-thread-idle-browser-certification,This interval ends in an explicit evidence measurement; no independent before/after measurement supports assigning its delta to this commit.
2026-08-15T21:01:11+09:00,fb6b261f619d4943e433bc3f2f1ca753e0b581a6,unmeasured-product-commit,,0,fix(lynxtron): overlay idle copy at route level,shell+transcript,composer-sendable-non-git-browser-certification,existing-thread-idle-browser-certification,This interval ends in an explicit evidence measurement; no independent before/after measurement supports assigning its delta to this commit.
2026-08-15T21:07:11+09:00,6ae2974f72694718d5664ccc065601b31baffc36,unmeasured-product-commit,,0,test(lynxtron): measure idle body overlay,shell,composer-sendable-non-git-browser-certification,existing-thread-idle-browser-certification,This interval ends in an explicit evidence measurement; no independent before/after measurement supports assigning its delta to this commit.
2026-08-15T21:07:39+09:00,ddfc8dd518a65602e6d3c3205ba9eac41078f1a1,unmeasured-product-commit,,0,fix(lynxtron): anchor idle copy to chat body,shell,composer-sendable-non-git-browser-certification,existing-thread-idle-browser-certification,This interval ends in an explicit evidence measurement; no independent before/after measurement supports assigning its delta to this commit.
2026-08-15T21:12:00+09:00,ddfc8dd518a65602e6d3c3205ba9eac41078f1a1,working-tree-product-change,-0.002055,0.99,Existing Thread idle Browser certification,transcript,composer-sendable-non-git-browser-certification,existing-thread-idle-browser-certification,"Fresh matched Browser evidence measures the idle placeholder copy and route-level geometry repair. Selector gaps, transient connection state, unsupported Native shorthand, and intermediate wrong overlay levels were caught by harness gates and are classified separately."
2026-08-15T21:12:00+09:00,ddfc8dd518a65602e6d3c3205ba9eac41078f1a1,evidence-session,-0.008436,0.99,Existing Thread idle Native certification,transcript,existing-thread-idle-browser-certification,existing-thread-idle-native-certification,"Fresh exact-bundle Native content, geometry, and runtime evidence fills the idle-session cells without claiming a second product delta, Native pixel parity, or nonexistent interaction."
2026-08-15T21:14:15+09:00,72471987d666ecb66c9636041cfb8127b837f08c,unmeasured-product-commit,,0,docs(lynxtron): certify idle session fidelity,shell,existing-thread-idle-native-certification,new-thread-hero-light-browser-certification,This interval ends in an explicit evidence measurement; no independent before/after measurement supports assigning its delta to this commit.
2026-08-15T21:20:00+09:00,72471987d666ecb66c9636041cfb8127b837f08c,evidence-session,-0.00485,0.99,New Thread light Hero Browser certification,shell,existing-thread-idle-native-certification,new-thread-hero-light-browser-certification,Fresh current-head light-theme Browser evidence replaces stale strict-matrix cells without a product change. One-level Composer-center pixel drift is recorded but does not justify speculative token edits.
2026-08-15T21:20:00+09:00,72471987d666ecb66c9636041cfb8127b837f08c,evidence-session,-0.00661,0.99,New Thread light Hero Native certification,shell,new-thread-hero-light-browser-certification,new-thread-hero-light-native-certification,"Fresh exact-bundle Native light-theme content, geometry, and runtime evidence replaces stale strict-matrix cells without claiming Native material parity or a product delta."
2026-08-15T21:22:08+09:00,3bfcb8e5ecb0a6fd303f83ab04d7792aa21b97e0,unmeasured-product-commit,,0,docs(lynxtron): certify light hero fidelity,shell,new-thread-hero-light-native-certification,quick-switch-default-browser-certification,This interval ends in an explicit evidence measurement; no independent before/after measurement supports assigning its delta to this commit.
2026-08-15T21:30:53+09:00,ac511a8356765a2f2de3f5ea6ffb10fa26d7d776,unmeasured-product-commit,,0,test(lynxtron): compare quick switch anatomy,shell,new-thread-hero-light-native-certification,quick-switch-default-browser-certification,This interval ends in an explicit evidence measurement; no independent before/after measurement supports assigning its delta to this commit.
2026-08-15T21:35:25+09:00,abfeebf434247bb32ca36a8fea5d0df7e2ac12fe,unmeasured-product-commit,,0,test(lynxtron): measure quick switch search shell,shell,new-thread-hero-light-native-certification,quick-switch-default-browser-certification,This interval ends in an explicit evidence measurement; no independent before/after measurement supports assigning its delta to this commit.
2026-08-15T21:42:00+09:00,abfeebf434247bb32ca36a8fea5d0df7e2ac12fe,evidence-session,-0.00746,0.99,Quick Switch default Browser certification,overlays,new-thread-hero-light-native-certification,quick-switch-default-browser-certification,Fresh current-head Browser shortcut and anatomy evidence replaces stale matrix cells without a product change. Duplicate anatomy keys and mismatched search-shell selectors are classified as harness issues.
2026-08-15T21:40:38+09:00,9e56664a7f15e678bd80839bc64def1ac4b9fd24,unmeasured-product-commit,,0,test(lynxtron): verify native quick switch,shell,quick-switch-default-browser-certification,quick-switch-default-native-certification,This interval ends in an explicit evidence measurement; no independent before/after measurement supports assigning its delta to this commit.
2026-08-15T21:42:00+09:00,9e56664a7f15e678bd80839bc64def1ac4b9fd24,evidence-session,-0.008474,0.99,Quick Switch default Native certification,overlays,quick-switch-default-browser-certification,quick-switch-default-native-certification,"Fresh exact-bundle Native content, geometry, dismissal, and runtime evidence replaces stale cells without claiming Native shortcut input, material parity, or a product delta."
2026-08-15T21:46:00+09:00,2983344b6a10c6a1098b7c435290dbda95545f3e,unmeasured-product-commit,,0,docs(lynxtron): certify quick switch default,shell,quick-switch-default-native-certification,quick-switch-query-browser-certification,This interval ends in an explicit evidence measurement; no independent before/after measurement supports assigning its delta to this commit.
2026-08-15T21:50:00+09:00,2983344b6a10c6a1098b7c435290dbda95545f3e,evidence-session,-0.007526,0.99,Quick Switch query Browser certification,overlays,quick-switch-default-native-certification,quick-switch-query-browser-certification,Fresh current-head Browser input and filtering evidence replaces stale query cells without a product change. Native physical query input remains pending-user-session and is not inferred.
2026-08-15T21:54:03+09:00,41ac8180f8d21b8a44278e6acf92fcfa144e054a,unmeasured-product-commit,,0,docs(lynxtron): certify quick switch query,shell,quick-switch-query-browser-certification,quick-switch-actions-only-browser-certification,This interval ends in an explicit evidence measurement; no independent before/after measurement supports assigning its delta to this commit.
2026-08-15T22:01:09+09:00,aa87ec40286a751999110035b02d486c4b61cb9a,unmeasured-product-commit,,0,test(lynxtron): gate quick switch empty anatomy,shell,quick-switch-query-browser-certification,quick-switch-actions-only-browser-certification,This interval ends in an explicit evidence measurement; no independent before/after measurement supports assigning its delta to this commit.
2026-08-15T22:04:00+09:00,aa87ec40286a751999110035b02d486c4b61cb9a,evidence-session,-0.005628,0.99,Quick Switch actions-only Browser certification,overlays,quick-switch-query-browser-certification,quick-switch-actions-only-browser-certification,Fresh Browser input and filtering evidence replaces stale actions-only cells without a product change. Native physical query input remains pending-user-session.
2026-08-15T22:04:00+09:00,aa87ec40286a751999110035b02d486c4b61cb9a,evidence-session,-0.005641,0.99,Quick Switch empty Browser certification,overlays,quick-switch-actions-only-browser-certification,quick-switch-empty-browser-certification,Fresh Browser empty-state input evidence replaces stale cells without a product change. The state-aware anatomy gate is recorded as harness repair; Native physical typing remains pending.
2026-08-15T22:05:42+09:00,8a8bffbaf630412056ee4398f2c8255829ec6921,unmeasured-product-commit,,0,docs(lynxtron): certify quick switch filters,shell,quick-switch-empty-browser-certification,session-working-projection-certification,This interval ends in an explicit evidence measurement; no independent before/after measurement supports assigning its delta to this commit.
2026-08-15T22:25:42+09:00,e4799c12371316c43bf179e633b53bdd03c1beb4,unmeasured-product-commit,,0,fix(clients): derive working from session state,shell+transcript,quick-switch-empty-browser-certification,session-working-projection-certification,This interval ends in an explicit evidence measurement; no independent before/after measurement supports assigning its delta to this commit.
2026-08-15T22:28:08+09:00,a0aa8ff43b707e45f319b4d28f5ce54c48e3bcd3,unmeasured-product-commit,,0,fix(web): keep sidebar working session-derived,shell,quick-switch-empty-browser-certification,session-working-projection-certification,This interval ends in an explicit evidence measurement; no independent before/after measurement supports assigning its delta to this commit.
2026-08-15T22:37:36+09:00,bc9a6ce73754240849ddd4a97d22873fa205eb9e,unmeasured-product-commit,,0,fix(web): block composer while session connects,composer,quick-switch-empty-browser-certification,session-working-projection-certification,This interval ends in an explicit evidence measurement; no independent before/after measurement supports assigning its delta to this commit.
2026-08-15T22:38:59+09:00,df800cbb2d1ffeafd2770ec0685c880c6f31f379,unmeasured-product-commit,,0,test(lynxtron): gate session-derived working states,shell,quick-switch-empty-browser-certification,session-working-projection-certification,This interval ends in an explicit evidence measurement; no independent before/after measurement supports assigning its delta to this commit.
2026-08-15T22:45:39+09:00,922fbb9d4b79187842ebe52b969326e046ea200c,unmeasured-product-commit,,0,test(lynxtron): hash the shipped Web entry,shell,quick-switch-empty-browser-certification,session-working-projection-certification,This interval ends in an explicit evidence measurement; no independent before/after measurement supports assigning its delta to this commit.
2026-08-15T22:41:00+09:00,922fbb9d4b79187842ebe52b969326e046ea200c,evidence-session,0,0.99,Session-derived Working and Connecting certification,,quick-switch-empty-browser-certification,session-working-projection-certification,"Fresh current-head reverse-state evidence refreshes only the existing composer-working runtime cell. The connecting state is proof of the way out, not a new weighted state or denominator change."
2026-08-15T22:51:26+09:00,f88714925cca603e090263f757a6261daa75d761,unmeasured-product-commit,,0,docs(lynxtron): certify session-derived working states,shell,session-working-projection-certification,composer-working-model-projection-fix,This interval ends in an explicit evidence measurement; no independent before/after measurement supports assigning its delta to this commit.
2026-08-15T23:02:11+09:00,a1c22c53b307bb6926ebbc84412bb1069dbdea9a,unmeasured-product-commit,,0,fix(lynxtron): preserve the thread model authority,composer+shell,session-working-projection-certification,composer-working-model-projection-fix,This interval ends in an explicit evidence measurement; no independent before/after measurement supports assigning its delta to this commit.
2026-08-15T23:03:15+09:00,a1c22c53b307bb6926ebbc84412bb1069dbdea9a,measured-product-change,0,0.99,Composer Working thread model projection,,session-working-projection-certification,composer-working-model-projection-fix,A same-snapshot before/after pair attributes the model and control convergence to the active-thread projection fix without changing the material score or denominator.
2026-08-15T23:08:09+09:00,015cd9a47c04236bc87ce3cab1ada2ea3a023b95,unmeasured-product-commit,,0,docs(lynxtron): certify the working thread model,composer+shell,composer-working-model-projection-fix,model-picker-selected-browser-certification,This interval ends in an explicit evidence measurement; no independent before/after measurement supports assigning its delta to this commit.
2026-08-15T23:26:57+09:00,a21e2a2b26d42d9cd2bde4fb9d7d74fb7510581d,unmeasured-product-commit,,0,fix(lynxtron): sync the selected model picker state,shell+overlays,composer-working-model-projection-fix,model-picker-selected-browser-certification,This interval ends in an explicit evidence measurement; no independent before/after measurement supports assigning its delta to this commit.
2026-08-15T23:27:59+09:00,436c328dcfefcbfdfb9db9a250353475dccc0e24,unmeasured-product-commit,,0,test(lynxtron): stabilize selected model picker capture,shell,composer-working-model-projection-fix,model-picker-selected-browser-certification,This interval ends in an explicit evidence measurement; no independent before/after measurement supports assigning its delta to this commit.
2026-08-15T23:33:22+09:00,ab4b718bdfb2ff9641ede8fef0c37fab1d5b1e2b,unmeasured-product-commit,,0,fix(lynxtron): align the empty model picker viewport,overlays,composer-working-model-projection-fix,model-picker-selected-browser-certification,This interval ends in an explicit evidence measurement; no independent before/after measurement supports assigning its delta to this commit.
2026-08-15T23:39:10+09:00,f68ec132bb279b4d084e1397d44e17d3d82c952b,unmeasured-product-commit,,0,test(lynxtron): require a visible selected model row,shell,composer-working-model-projection-fix,model-picker-selected-browser-certification,This interval ends in an explicit evidence measurement; no independent before/after measurement supports assigning its delta to this commit.
2026-08-15T23:41:36+09:00,04d247062973d4f45e9ac12f14693828e8f8d334,unmeasured-product-commit,,0,test(lynxtron): serialize selected model evidence safely,shell,composer-working-model-projection-fix,model-picker-selected-browser-certification,This interval ends in an explicit evidence measurement; no independent before/after measurement supports assigning its delta to this commit.
2026-08-15T23:49:42+09:00,04d247062973d4f45e9ac12f14693828e8f8d334,measured-product-change,-0.008293,0.99,Model Picker selected-model Browser certification,overlays,composer-working-model-projection-fix,model-picker-selected-browser-certification,"Matched same-snapshot Browser captures attribute selected-provider and empty-geometry convergence to the product fixes. Initial-overlay races, equal-empty selected arrays, one transient raster, and report serialization are recorded as harness issues rather than product loss."
2026-08-15T23:53:37+09:00,d447a3dcd133e234acaa079d3127b365a023daed,unmeasured-product-commit,,0,docs(lynxtron): certify the selected model row,shell,model-picker-selected-browser-certification,composer-docked-browser-certification-current,This interval ends in an explicit evidence measurement; no independent before/after measurement supports assigning its delta to this commit.
2026-08-15T23:58:22+09:00,d447a3dcd133e234acaa079d3127b365a023daed,evidence-session,-0.000294,0.99,Composer Docked current Browser certification,composer,model-picker-selected-browser-certification,composer-docked-browser-certification-current,Fresh current-head Browser evidence replaces stale Composer Docked cells without a product change. Native and interaction confidence remain unchanged.
2026-08-16T00:02:43+09:00,a4e95d4f209d1eb67c01f9cf793a89c4feabb05e,unmeasured-product-commit,,0,docs(lynxtron): certify the docked composer,composer+shell,composer-docked-browser-certification-current,existing-thread-working-inset-fix-current,This interval ends in an explicit evidence measurement; no independent before/after measurement supports assigning its delta to this commit.
2026-08-16T00:12:10+09:00,31b867852865c022dcd464b636b3e4d66bb0576a,unmeasured-product-commit,,0,fix(lynxtron): restore the working transcript inset,transcript,composer-docked-browser-certification-current,existing-thread-working-inset-fix-current,This interval ends in an explicit evidence measurement; no independent before/after measurement supports assigning its delta to this commit.
2026-08-16T00:13:35+09:00,a1508ad462af12c02637721e399fb767447d936a,unmeasured-product-commit,,0,test(lynxtron): gate working transcript geometry,shell,composer-docked-browser-certification-current,existing-thread-working-inset-fix-current,This interval ends in an explicit evidence measurement; no independent before/after measurement supports assigning its delta to this commit.
2026-08-16T00:14:57+09:00,a1508ad462af12c02637721e399fb767447d936a,measured-product-change,0.000091,0.99,Existing Thread working inset current certification,transcript,composer-docked-browser-certification-current,existing-thread-working-inset-fix-current,Same-snapshot before and after captures attribute the 32px row correction to the session-derived list inset. The geometry hard gate is recorded separately from the product delta.
2026-08-16T00:19:05+09:00,c50d5242e952b2bf28ca34d97422ca97ddda8db7,unmeasured-product-commit,,0,docs(lynxtron): certify the working transcript inset,shell,existing-thread-working-inset-fix-current,model-picker-provider-rail-browser-certification-current,This interval ends in an explicit evidence measurement; no independent before/after measurement supports assigning its delta to this commit.
2026-08-16T00:23:05+09:00,c50d5242e952b2bf28ca34d97422ca97ddda8db7,evidence-session,-0.007254,0.99,Model Picker provider rail current Browser certification,overlays,existing-thread-working-inset-fix-current,model-picker-provider-rail-browser-certification-current,Fresh current-head Browser provider navigation replaces stale cells without a product change or a model-selection claim. Native cells remain unchanged.
2026-08-16T00:27:40+09:00,c166eadb9faffeab5c017d8f7e2e52b56d288242,unmeasured-product-commit,,0,docs(lynxtron): certify model provider navigation,shell,model-picker-provider-rail-browser-certification-current,model-picker-query-browser-certification-current,This interval ends in an explicit evidence measurement; no independent before/after measurement supports assigning its delta to this commit.
2026-08-16T00:31:02+09:00,c166eadb9faffeab5c017d8f7e2e52b56d288242,evidence-session,-0.006964,0.99,Model Picker query current Browser certification,overlays,model-picker-provider-rail-browser-certification-current,model-picker-query-browser-certification-current,Fresh current-head Browser query input replaces stale cells without a product change. Native input is not inferred.
2026-08-16T00:34:58+09:00,1e834cb701ad5ccb4fd31d1f50047b8ad0fe14e5,unmeasured-product-commit,,0,docs(lynxtron): certify model picker query,shell,model-picker-query-browser-certification-current,composer-sendable-browser-certification-current,This interval ends in an explicit evidence measurement; no independent before/after measurement supports assigning its delta to this commit.
2026-08-16T00:38:25+09:00,1e834cb701ad5ccb4fd31d1f50047b8ad0fe14e5,evidence-session,0.000026,0.99,Composer Sendable current Browser certification,composer,model-picker-query-browser-certification-current,composer-sendable-browser-certification-current,Fresh current-head Browser character input replaces stale Sendable cells without a product change or a turn submission. Native physical typing remains pending.
2026-08-16T00:42:39+09:00,0153a81e6b754c86dbdb17d87152339ece0b7b90,unmeasured-product-commit,,0,docs(lynxtron): certify sendable composer input,composer+shell,composer-sendable-browser-certification-current,settings-archive-browser-certification-current,This interval ends in an explicit evidence measurement; no independent before/after measurement supports assigning its delta to this commit.
2026-08-16T00:49:59+09:00,5965c71ca9a4b6f8671267d9c292a6c861c36750,unmeasured-product-commit,,0,test(lynxtron): use the canonical archive route,shell,composer-sendable-browser-certification-current,settings-archive-browser-certification-current,This interval ends in an explicit evidence measurement; no independent before/after measurement supports assigning its delta to this commit.
2026-08-16T01:12:21+09:00,f73b86f5eb9612acf6b9e8b8435f77f535fbb37f,unmeasured-product-commit,,0,fix(lynxtron): stretch archive settings rows,shell+settings,composer-sendable-browser-certification-current,settings-archive-browser-certification-current,This interval ends in an explicit evidence measurement; no independent before/after measurement supports assigning its delta to this commit.
2026-08-16T01:12:56+09:00,e34b4c5a5deb331f36ad51969e166b79bf5000d5,unmeasured-product-commit,,0,test(lynxtron): measure general settings geometry,shell,composer-sendable-browser-certification-current,settings-archive-browser-certification-current,This interval ends in an explicit evidence measurement; no independent before/after measurement supports assigning its delta to this commit.
2026-08-16T01:17:02+09:00,391999b599f42ba922cae153b9a63306e7bf8314,unmeasured-product-commit,,0,test(lynxtron): gate Archive settings geometry,shell,composer-sendable-browser-certification-current,settings-archive-browser-certification-current,This interval ends in an explicit evidence measurement; no independent before/after measurement supports assigning its delta to this commit.
2026-08-16T01:18:08+09:00,391999b599f42ba922cae153b9a63306e7bf8314,measured-product-change,-0.004654,0.99,Settings Archive current Browser certification,settings,composer-sendable-browser-certification-current,settings-archive-browser-certification-current,Matched current-head Browser evidence attributes the width recovery to the Settings layout fix while classifying the singular route and narrow reader as harness mismatches.
2026-08-16T01:22:41+09:00,bea5560633b95ba99148a91cdbdb1191343b6be8,unmeasured-product-commit,,0,docs(lynxtron): certify Archive settings layout,settings+shell,settings-archive-browser-certification-current,settings-beta-browser-certification-current,This interval ends in an explicit evidence measurement; no independent before/after measurement supports assigning its delta to this commit.
2026-08-16T01:41:37+09:00,c96c0f1a20d3538e3044aaffe6e0c771cbd55ad8,unmeasured-product-commit,,0,fix(lynxtron): add portable Beta auto-settle controls,settings+shell,settings-archive-browser-certification-current,settings-beta-browser-certification-current,This interval ends in an explicit evidence measurement; no independent before/after measurement supports assigning its delta to this commit.
2026-08-16T01:42:24+09:00,1f104806f197c1b831674879182bbb1a21e5aa6e,unmeasured-product-commit,,0,test(lynxtron): gate Settings section content,shell,settings-archive-browser-certification-current,settings-beta-browser-certification-current,This interval ends in an explicit evidence measurement; no independent before/after measurement supports assigning its delta to this commit.
2026-08-16T01:43:30+09:00,1f104806f197c1b831674879182bbb1a21e5aa6e,measured-product-change,-0.004577,0.99,Settings Beta current Browser certification,settings,settings-archive-browser-certification-current,settings-beta-browser-certification-current,Matched current-head Browser evidence attributes the missing rows and stale copy to the portable Beta implementation gap while retaining the measured material and vertical residuals.
2026-08-16T01:47:51+09:00,a47badde5114a10b0b6fc182399821b94e6481af,unmeasured-product-commit,,0,docs(lynxtron): certify Beta settings parity,settings+shell,settings-beta-browser-certification-current,settings-source-control-loading-browser-evidence-current,This interval ends in an explicit evidence measurement; no independent before/after measurement supports assigning its delta to this commit.
2026-08-16T01:58:08+09:00,56ca43762e7022ff883645bd3be141abc70eb441,unmeasured-product-commit,,0,fix(lynxtron): honor access management scope,settings,settings-beta-browser-certification-current,settings-source-control-loading-browser-evidence-current,This interval ends in an explicit evidence measurement; no independent before/after measurement supports assigning its delta to this commit.
2026-08-16T02:00:00+09:00,56ca43762e7022ff883645bd3be141abc70eb441,evidence-session,-0.00349,0.99,Settings Source Control loading current Browser evidence,settings,settings-beta-browser-certification-current,settings-source-control-loading-browser-evidence-current,"Matched current-head Browser evidence fills the previously sparse loading-state cells without claiming a product change, interaction proof, or Native coverage."
2026-08-16T02:06:19+09:00,37e08d4b10bdda5c0b823a4e155c7723504141e2,unmeasured-product-commit,,0,docs(lynxtron): record source control loading evidence,settings+shell,settings-source-control-loading-browser-evidence-current,settings-source-control-error-browser-certification-current,This interval ends in an explicit evidence measurement; no independent before/after measurement supports assigning its delta to this commit.
2026-08-16T02:19:30+09:00,aa8a3a87137d53e524cf502e0612de0d33fb88e4,unmeasured-product-commit,,0,fix(lynxtron): match source control error state,shell+settings,settings-source-control-loading-browser-evidence-current,settings-source-control-error-browser-certification-current,This interval ends in an explicit evidence measurement; no independent before/after measurement supports assigning its delta to this commit.
2026-08-16T02:33:03+09:00,aa8a3a87137d53e524cf502e0612de0d33fb88e4,measured-product-change,-0.00458,0.99,Settings Source Control error current Browser certification,settings,settings-source-control-loading-browser-evidence-current,settings-source-control-error-browser-certification-current,"Matched before/after Browser captures share one server fault, snapshot, route, theme, viewport, and identity. Startup and coordinate-space verifier mismatches are recorded separately."
2026-08-16T02:34:19+09:00,aa8a3a87137d53e524cf502e0612de0d33fb88e4,evidence-session,-0.00871,0.99,Settings Source Control error current Native certification,settings,settings-source-control-error-browser-certification-current,settings-source-control-error-native-certification-current,"Fresh exact-bundle Native content, geometry, retry interaction, and runtime evidence fills the Native error-state cells without claiming Native pixel parity or a second product delta."
2026-08-16T02:21:54+09:00,36ec93d795343421019115a8c964aa018e0171c8,unmeasured-product-commit,,0,test(lynxtron): gate source control error layout,shell+settings,settings-source-control-error-native-certification-current,settings-source-control-loading-browser-certification-current,This interval ends in an explicit evidence measurement; no independent before/after measurement supports assigning its delta to this commit.
2026-08-16T02:33:49+09:00,970cdc83d536469e2a62f03c0ee578308b81b8b0,unmeasured-product-commit,,0,test(lynxtron): verify native source control errors,shell,settings-source-control-error-native-certification-current,settings-source-control-loading-browser-certification-current,This interval ends in an explicit evidence measurement; no independent before/after measurement supports assigning its delta to this commit.
2026-08-16T02:38:57+09:00,96edb0d1c50a47c3ca26fa71845fb92d85f9a6a0,unmeasured-product-commit,,0,docs(lynxtron): certify source control error parity,settings+shell,settings-source-control-error-native-certification-current,settings-source-control-loading-browser-certification-current,This interval ends in an explicit evidence measurement; no independent before/after measurement supports assigning its delta to this commit.
2026-08-16T02:49:47+09:00,f34af056bd2f703464be512564f205f05f825763,unmeasured-product-commit,,0,test(lynxtron): guard against agent browser leaks,shell,settings-source-control-error-native-certification-current,settings-source-control-loading-browser-certification-current,This interval ends in an explicit evidence measurement; no independent before/after measurement supports assigning its delta to this commit.
2026-08-16T03:01:31+09:00,fc4eba4e8ce783d0c583a7bcd4eeff2dc3203d7f,unmeasured-product-commit,,0,fix(lynxtron): avoid leak guard self matches,shell,settings-source-control-error-native-certification-current,settings-source-control-loading-browser-certification-current,This interval ends in an explicit evidence measurement; no independent before/after measurement supports assigning its delta to this commit.
2026-08-16T03:04:43+09:00,46c67927265de0ce0da9b5557e83ce7f386de815,unmeasured-product-commit,,0,fix(lynxtron): match source control loading state,settings+shell,settings-source-control-error-native-certification-current,settings-source-control-loading-browser-certification-current,This interval ends in an explicit evidence measurement; no independent before/after measurement supports assigning its delta to this commit.
2026-08-16T03:17:46+09:00,46c67927265de0ce0da9b5557e83ce7f386de815,measured-product-change,-0.001096,0.99,Settings Source Control loading current Browser certification,settings,settings-source-control-error-native-certification-current,settings-source-control-loading-browser-certification-current,"Matched current-head Browser evidence uses one deterministic pending server RPC, snapshot, route, theme, viewport, and identity. Settled-frame and process-leak runs were rejected before admission."
2026-08-16T03:18:11+09:00,46c67927265de0ce0da9b5557e83ce7f386de815,evidence-session,-0.006355,0.99,Settings Source Control loading current Native certification,settings,settings-source-control-loading-browser-certification-current,settings-source-control-loading-native-certification-current,"Fresh exact-bundle Native content, geometry, and runtime evidence fills the Native loading-state cells without claiming interaction or Native material parity."
2026-08-16T03:05:54+09:00,32b91314fe3c63f4b41ba477c7423211eb155d85,unmeasured-product-commit,,0,test(lynxtron): make source control loading deterministic,shell+settings,settings-source-control-loading-native-certification-current,review-checkpoint-tree-native-baseline-current,This interval ends in an explicit evidence measurement; no independent before/after measurement supports assigning its delta to this commit.
2026-08-16T03:17:36+09:00,4e0c5a142c6c113fd897becf02ac7fa8035b2ca7,unmeasured-product-commit,,0,test(lynxtron): verify native source control loading,shell,settings-source-control-loading-native-certification-current,review-checkpoint-tree-native-baseline-current,This interval ends in an explicit evidence measurement; no independent before/after measurement supports assigning its delta to this commit.
2026-08-16T03:27:41+09:00,6dfb05135960e6494432853ab4ac70f7031ea07a,unmeasured-product-commit,,0,fix(lynxtron): scope browser leak ownership,shell,settings-source-control-loading-native-certification-current,review-checkpoint-tree-native-baseline-current,This interval ends in an explicit evidence measurement; no independent before/after measurement supports assigning its delta to this commit.
2026-08-16T03:30:53+09:00,26db2015b6b0628e79c3037cf6b9d38cb26b181c,unmeasured-product-commit,,0,docs(lynxtron): certify source control loading parity,settings+shell,settings-source-control-loading-native-certification-current,review-checkpoint-tree-native-baseline-current,This interval ends in an explicit evidence measurement; no independent before/after measurement supports assigning its delta to this commit.
2026-08-16T03:43:47+09:00,99d9bcc060437307d114b7e70d88f7d24dd09a3b,unmeasured-product-commit,,0,test(lynxtron): separate review checkpoint states,shell,settings-source-control-loading-native-certification-current,review-checkpoint-tree-native-baseline-current,This interval ends in an explicit evidence measurement; no independent before/after measurement supports assigning its delta to this commit.
2026-08-16T04:02:25+09:00,eaffc1428d8dddb21a2cca71ac7c471c674e8bc6,unmeasured-product-commit,,0,fix(lynxtron): restore review preview anatomy,review,settings-source-control-loading-native-certification-current,review-checkpoint-tree-native-baseline-current,This interval ends in an explicit evidence measurement; no independent before/after measurement supports assigning its delta to this commit.
2026-08-16T04:04:37+09:00,35ab3d1012849c20e872ad4461cc6f7b859b1fc6,unmeasured-product-commit,,0,test(lynxtron): verify native review checkpoint states,shell,settings-source-control-loading-native-certification-current,review-checkpoint-tree-native-baseline-current,This interval ends in an explicit evidence measurement; no independent before/after measurement supports assigning its delta to this commit.
2026-08-16T04:08:40+09:00,1685f60a25be9c3cb22cd10675910ca2d0974b1d,unmeasured-product-commit,,0,fix(lynxtron): retain final review fixture title,shell,settings-source-control-loading-native-certification-current,review-checkpoint-tree-native-baseline-current,This interval ends in an explicit evidence measurement; no independent before/after measurement supports assigning its delta to this commit.
2026-08-16T04:12:38+09:00,5f4aaae34c4ead1370891e22c03468a2083344f6,unmeasured-product-commit,,0,test(lynxtron): isolate native review geometry,shell,settings-source-control-loading-native-certification-current,review-checkpoint-tree-native-baseline-current,This interval ends in an explicit evidence measurement; no independent before/after measurement supports assigning its delta to this commit.
2026-08-16T04:21:57+09:00,8982a2fb953fb0c958a39dd19b2ef463031e1276,unmeasured-product-commit,,0,fix(lynxtron): stretch review cards natively,transcript+shell,settings-source-control-loading-native-certification-current,review-checkpoint-tree-native-baseline-current,This interval ends in an explicit evidence measurement; no independent before/after measurement supports assigning its delta to this commit.
2026-08-16T04:32:22+09:00,001971881ff045bb7e5577df50aea539c7decd06,unmeasured-product-commit,,0,fix(lynxtron): gate every fidelity loop for browser leaks,shell,settings-source-control-loading-native-certification-current,review-checkpoint-tree-native-baseline-current,This interval ends in an explicit evidence measurement; no independent before/after measurement supports assigning its delta to this commit.
2026-08-16T04:35:03+09:00,001971881ff045bb7e5577df50aea539c7decd06,evidence-session,-0.01722,0.99,Review Checkpoint and Tree current Native baseline,review,settings-source-control-loading-native-certification-current,review-checkpoint-tree-native-baseline-current,Fresh exact-bundle evidence refines the current Native baseline. It records the intrinsic-width product loss before the fix but does not assign that refinement to a product commit.
2026-08-16T04:39:01+09:00,24010b27e01e40558ae0aa669427f7c64213f923,unmeasured-product-commit,,0,fix(lynxtron): stretch review rows across transcript,transcript+shell,review-checkpoint-tree-native-baseline-current,review-checkpoint-tree-browser-certification-current,This interval ends in an explicit evidence measurement; no independent before/after measurement supports assigning its delta to this commit.
2026-08-16T04:41:24+09:00,24010b27e01e40558ae0aa669427f7c64213f923,evidence-session,-0.016553,0.99,Review Checkpoint and Tree current Browser certification,review,review-checkpoint-tree-native-baseline-current,review-checkpoint-tree-browser-certification-current,Matched current-head Browser evidence fills the distinct Checkpoint and Tree cells. The Native-only assistant-width fix does not receive a Browser material delta.
2026-08-16T04:42:48+09:00,24010b27e01e40558ae0aa669427f7c64213f923,measured-product-change,-0.000907,0.99,Review Checkpoint and Tree Native width fix,review,review-checkpoint-tree-browser-certification-current,review-checkpoint-tree-native-width-fix-current,"Exact-bundle Native before/after runs share the same snapshot, thread, viewport, theme, verifier, and interaction path. Only the assistant-parent width product change differs."
2026-08-16T04:50:37+09:00,3ad00f41a8b05cef4b35c61b0e4b2190a3765025,unmeasured-product-commit,,0,docs(lynxtron): record review checkpoint fidelity,review+shell,review-checkpoint-tree-native-width-fix-current,composer-sendable-toolbar-allocation-refinement-current,This interval ends in an explicit evidence measurement; no independent before/after measurement supports assigning its delta to this commit.
2026-08-16T04:59:06+09:00,3f0942855bdc5cfd78ea4a19a89c6a067e4e74e5,unmeasured-product-commit,,0,test(lynxtron): normalize composer toolbar allocation,shell,review-checkpoint-tree-native-width-fix-current,composer-sendable-toolbar-allocation-refinement-current,This interval ends in an explicit evidence measurement; no independent before/after measurement supports assigning its delta to this commit.
2026-08-16T05:01:02+09:00,3f0942855bdc5cfd78ea4a19a89c6a067e4e74e5,measurement-refinement,-0.000027,0.99,Composer Sendable toolbar allocation refinement,composer,review-checkpoint-tree-native-width-fix-current,composer-sendable-toolbar-allocation-refinement-current,The same pixels and product state are reclassified with a renderer-neutral toolbar allocation. No product source changed and no material or Native claim is added.
2026-08-16T05:04:42+09:00,ae12d3c54e00fdf705a92bfb17a5107842e9b6d9,unmeasured-product-commit,,0,docs(lynxtron): refine sendable toolbar geometry,composer+shell,composer-sendable-toolbar-allocation-refinement-current,settings-general-column-flow-baseline-current,This interval ends in an explicit evidence measurement; no independent before/after measurement supports assigning its delta to this commit.
2026-08-16T05:06:40+09:00,ae12d3c54e00fdf705a92bfb17a5107842e9b6d9,measurement-refinement,-0.000303,0.99,Settings General current column-flow baseline,settings,composer-sendable-toolbar-allocation-refinement-current,settings-general-column-flow-baseline-current,Fresh same-snapshot geometry and complete copy diagnostics replace the stale 0.68 browser-matrix estimate and the old content=0 claim. No product delta is assigned at this point.
2026-08-16T05:11:12+09:00,c54555deba1e8e6850f7b7453062efeb95c1fc7c,unmeasured-product-commit,,0,fix(lynxtron): restore general settings column flow,settings,settings-general-column-flow-baseline-current,settings-general-column-flow-fix-current,This interval ends in an explicit evidence measurement; no independent before/after measurement supports assigning its delta to this commit.
2026-08-16T05:19:03+09:00,c54555deba1e8e6850f7b7453062efeb95c1fc7c,measured-product-change,-0.001458,0.99,Settings General column-flow fix,settings,settings-general-column-flow-baseline-current,settings-general-column-flow-fix-current,"Direct before/after Browser captures share one immutable snapshot, route, theme, viewport, and Web authority bundle. The only product change is the General Settings Native host layout contract; the later harness commit changes admission rules, not pixels."
2026-08-16T06:20:00+09:00,bae3768289d7d8e234a40a774b708aafdb99a7ab,measurement-refinement,-0.000763,0.99,Review Full Diff current harness refinement,review,settings-general-column-flow-fix-current,review-diff-current-harness-refinement,"The reader and Browser Proxy changes correct evidence admission and browser-only layout conditioning. The old right-panel product token is retained for this measured point, and no Native product claim is added."
2026-08-15T06:07:13+09:00,1845d971b954730765e4b04135998e66bb7091cc,unmeasured-product-commit,,0,test(lynxtron): admit rendered review patches,shell+review,review-diff-current-harness-refinement,review-diff-background-fix-current,This interval ends in an explicit evidence measurement; no independent before/after measurement supports assigning its delta to this commit.
2026-08-15T06:13:02+09:00,9e2c6770e7fa6a7ab88cc1c3a422e43554194ffe,unmeasured-product-commit,,0,test(lynxtron): verify native review patches,shell,review-diff-current-harness-refinement,review-diff-background-fix-current,This interval ends in an explicit evidence measurement; no independent before/after measurement supports assigning its delta to this commit.
2026-08-15T06:26:45+09:00,52b94146f27cbca14ef27bc42ac1889fbd64478e,unmeasured-product-commit,,0,docs(lynxtron): record review diff checkpoint,shell+review,review-diff-current-harness-refinement,review-diff-background-fix-current,This interval ends in an explicit evidence measurement; no independent before/after measurement supports assigning its delta to this commit.
2026-08-15T06:44:16+09:00,c7d056fb7f349f77b2e567ed4493cb523eb17ada,unmeasured-product-commit,,0,test(lynxtron): verify native hero composer,shell,review-diff-current-harness-refinement,review-diff-background-fix-current,This interval ends in an explicit evidence measurement; no independent before/after measurement supports assigning its delta to this commit.
2026-08-15T06:54:14+09:00,0d9043aa870acb13541a64f7622fabc11a34effa,unmeasured-product-commit,,0,docs(lynxtron): certify current hero state,shell,review-diff-current-harness-refinement,review-diff-background-fix-current,This interval ends in an explicit evidence measurement; no independent before/after measurement supports assigning its delta to this commit.
2026-08-15T07:03:16+09:00,1ca68b58353bd0b8e682f7ab39b666a96e7d3d44,unmeasured-product-commit,,0,fix(harness): preserve generated fidelity reports,shell,review-diff-current-harness-refinement,review-diff-background-fix-current,This interval ends in an explicit evidence measurement; no independent before/after measurement supports assigning its delta to this commit.
2026-08-15T07:18:44+09:00,3c61c2d287cf894f917e795b32c12feae5f43f9f,unmeasured-product-commit,,0,test(lynxtron): allow provider-shaped working controls,shell,review-diff-current-harness-refinement,review-diff-background-fix-current,This interval ends in an explicit evidence measurement; no independent before/after measurement supports assigning its delta to this commit.
2026-08-15T07:28:22+09:00,db291a4751668918d1005aec480941dc7a1db7e0,unmeasured-product-commit,,0,docs(lynxtron): certify current working composer,shell+composer,review-diff-current-harness-refinement,review-diff-background-fix-current,This interval ends in an explicit evidence measurement; no independent before/after measurement supports assigning its delta to this commit.
2026-08-15T07:39:23+09:00,8805a4301835add3395c535e6058295ad8c17846,unmeasured-product-commit,,0,test(lynxtron): capture native general settings,shell,review-diff-current-harness-refinement,review-diff-background-fix-current,This interval ends in an explicit evidence measurement; no independent before/after measurement supports assigning its delta to this commit.
2026-08-15T07:48:29+09:00,b4f6e11096fdf3e7af17a75906bc7e8e3632e8e6,unmeasured-product-commit,,0,test(lynxtron): stabilize settings verifier contract,shell,review-diff-current-harness-refinement,review-diff-background-fix-current,This interval ends in an explicit evidence measurement; no independent before/after measurement supports assigning its delta to this commit.
2026-08-15T07:49:17+09:00,b26b17aa29fd6130d8ee369e3802ca658607a7ec,unmeasured-product-commit,,0,docs(lynxtron): certify current general settings,shell+settings,review-diff-current-harness-refinement,review-diff-background-fix-current,This interval ends in an explicit evidence measurement; no independent before/after measurement supports assigning its delta to this commit.
2026-08-15T14:16:29+09:00,1cc385c8e3197489767bbe9db5535a960ecba6eb,unmeasured-product-commit,,0,fix(lynxtron): reap workbench browser processes,shell,review-diff-current-harness-refinement,review-diff-background-fix-current,This interval ends in an explicit evidence measurement; no independent before/after measurement supports assigning its delta to this commit.
2026-08-15T14:36:21+09:00,12b76d6ffbf21c2e93d037b3b3b3350c52689113,unmeasured-product-commit,,0,fix(lynxtron): constrain model picker scroll layout,overlays+shell,review-diff-current-harness-refinement,review-diff-background-fix-current,This interval ends in an explicit evidence measurement; no independent before/after measurement supports assigning its delta to this commit.
2026-08-15T14:44:03+09:00,3b8c121e6b173c6ce17fa919313c53c8c56f3a5a,unmeasured-product-commit,,0,docs(lynxtron): certify current model picker,shell,review-diff-current-harness-refinement,review-diff-background-fix-current,This interval ends in an explicit evidence measurement; no independent before/after measurement supports assigning its delta to this commit.
2026-08-15T14:48:41+09:00,cdaa07091a4dd6d3998bd906823d453bde99d044,unmeasured-product-commit,,0,test(lynxtron): measure settings section geometry,shell,review-diff-current-harness-refinement,review-diff-background-fix-current,This interval ends in an explicit evidence measurement; no independent before/after measurement supports assigning its delta to this commit.
2026-08-15T14:50:52+09:00,669b2a5aa23e5f4eb145fee44c4c4d8aac028192,unmeasured-product-commit,,0,test(lynxtron): scope settings geometry probes,shell,review-diff-current-harness-refinement,review-diff-background-fix-current,This interval ends in an explicit evidence measurement; no independent before/after measurement supports assigning its delta to this commit.
2026-08-15T15:13:38+09:00,e54088e563d04c1122133b476eb83fb1f317116c,unmeasured-product-commit,,0,test(lynxtron): expose Lynx layout tokens,shell,review-diff-current-harness-refinement,review-diff-background-fix-current,This interval ends in an explicit evidence measurement; no independent before/after measurement supports assigning its delta to this commit.
2026-08-15T15:22:31+09:00,ae5dcbdb8a6509dd8d2a63d905e7a83dd889bb75,unmeasured-product-commit,,0,test(lynxtron): record measured host attributes,shell,review-diff-current-harness-refinement,review-diff-background-fix-current,This interval ends in an explicit evidence measurement; no independent before/after measurement supports assigning its delta to this commit.
2026-08-15T15:35:07+09:00,14749aa860951f33df74e9de4606a4affddaa0f2,unmeasured-product-commit,,0,test(lynxtron): follow direct source control host,shell,review-diff-current-harness-refinement,review-diff-background-fix-current,This interval ends in an explicit evidence measurement; no independent before/after measurement supports assigning its delta to this commit.
2026-08-15T15:41:26+09:00,fa8a311e2f6d65b3021ced6c30a2858ad6a99f25,unmeasured-product-commit,,0,test(lynxtron): trace settings panel ancestors,shell,review-diff-current-harness-refinement,review-diff-background-fix-current,This interval ends in an explicit evidence measurement; no independent before/after measurement supports assigning its delta to this commit.
2026-08-15T15:56:39+09:00,7ec56daaa12ce81e6f227c1738a635c7de9c6f75,unmeasured-product-commit,,0,test(lynxtron): measure settings row geometry,shell,review-diff-current-harness-refinement,review-diff-background-fix-current,This interval ends in an explicit evidence measurement; no independent before/after measurement supports assigning its delta to this commit.
2026-08-15T15:59:10+09:00,cb6679b03d5b212fb46d528f0cad231a2d232be2,unmeasured-product-commit,,0,test(lynxtron): measure settings row children,shell,review-diff-current-harness-refinement,review-diff-background-fix-current,This interval ends in an explicit evidence measurement; no independent before/after measurement supports assigning its delta to this commit.
2026-08-15T16:05:52+09:00,b34ee75baee3e22f56faeea509675ada7b40c219,unmeasured-product-commit,,0,test(lynxtron): measure source control row children,shell,review-diff-current-harness-refinement,review-diff-background-fix-current,This interval ends in an explicit evidence measurement; no independent before/after measurement supports assigning its delta to this commit.
2026-08-15T16:14:47+09:00,01153a8ea5c7a994d4720f0bfba982ff2ab18f92,unmeasured-product-commit,,0,test(lynxtron): verify native source control settings,shell,review-diff-current-harness-refinement,review-diff-background-fix-current,This interval ends in an explicit evidence measurement; no independent before/after measurement supports assigning its delta to this commit.
2026-08-15T16:17:04+09:00,7969899b001369799050a764a14687d31574ba57,unmeasured-product-commit,,0,fix(lynxtron): complete source control settings,settings+shell,review-diff-current-harness-refinement,review-diff-background-fix-current,This interval ends in an explicit evidence measurement; no independent before/after measurement supports assigning its delta to this commit.
2026-08-15T16:25:24+09:00,c1e24c1f5a8d4b1b195ae0a653550bf88682c7c2,unmeasured-product-commit,,0,docs(lynxtron): certify source control settings,settings+shell,review-diff-current-harness-refinement,review-diff-background-fix-current,This interval ends in an explicit evidence measurement; no independent before/after measurement supports assigning its delta to this commit.
2026-08-15T16:37:28+09:00,f7a21e8444c374bce6679a838753b49bc0168b82,unmeasured-product-commit,,0,test(lynxtron): forbid agent browser in workbench capture,shell,review-diff-current-harness-refinement,review-diff-background-fix-current,This interval ends in an explicit evidence measurement; no independent before/after measurement supports assigning its delta to this commit.
2026-08-15T16:39:18+09:00,5b7f3e72b4ad360af14fbe8ae7317ac7aa2cef5e,unmeasured-product-commit,,0,fix(lynxtron): follow current sidebar search selector,shell,review-diff-current-harness-refinement,review-diff-background-fix-current,This interval ends in an explicit evidence measurement; no independent before/after measurement supports assigning its delta to this commit.
2026-08-15T16:43:50+09:00,f25167e6f2e22b76965c15b9d95ca9cb5fa3e09e,unmeasured-product-commit,,0,fix(lynxtron): drive scope gate through sidebar rows,shell,review-diff-current-harness-refinement,review-diff-background-fix-current,This interval ends in an explicit evidence measurement; no independent before/after measurement supports assigning its delta to this commit.
2026-08-15T16:46:39+09:00,6220fb8bc3f3e2172f1cb2db2340e912d16e9a1c,unmeasured-product-commit,,0,fix(lynxtron): use supported native row selector,shell,review-diff-current-harness-refinement,review-diff-background-fix-current,This interval ends in an explicit evidence measurement; no independent before/after measurement supports assigning its delta to this commit.
2026-08-15T16:55:54+09:00,1fd51ad4c495f7ae83cceb142abe91b84911c21e,unmeasured-product-commit,,0,fix(lynxtron): focus scope gate on scope behavior,shell,review-diff-current-harness-refinement,review-diff-background-fix-current,This interval ends in an explicit evidence measurement; no independent before/after measurement supports assigning its delta to this commit.
2026-08-15T17:20:19+09:00,c0a8bc284a77b6702cf133b5d52cc0a2ce25b0b8,unmeasured-product-commit,,0,test(lynxtron): report scope dismiss geometry,shell,review-diff-current-harness-refinement,review-diff-background-fix-current,This interval ends in an explicit evidence measurement; no independent before/after measurement supports assigning its delta to this commit.
2026-08-15T17:37:43+09:00,2169254719e9ffe6f043170eb9922a5be3e224f6,unmeasured-product-commit,,0,test(lynxtron): measure sidebar card surface owners,shell,review-diff-current-harness-refinement,review-diff-background-fix-current,This interval ends in an explicit evidence measurement; no independent before/after measurement supports assigning its delta to this commit.
2026-08-15T18:40:35+09:00,c03b3378171d6145c0b3a0329f7081524b6a3b9d,unmeasured-product-commit,,0,fix(lynxtron): avoid persistent devtool daemon in verifier,shell,review-diff-current-harness-refinement,review-diff-background-fix-current,This interval ends in an explicit evidence measurement; no independent before/after measurement supports assigning its delta to this commit.
2026-08-15T18:46:33+09:00,ca8a7ed8886c09a84ecb98f0c49a1f92e3b7297e,unmeasured-product-commit,,0,fix(lynxtron): own verifier devtool daemon lifecycle,shell,review-diff-current-harness-refinement,review-diff-background-fix-current,This interval ends in an explicit evidence measurement; no independent before/after measurement supports assigning its delta to this commit.
2026-08-15T18:49:43+09:00,b2ee3028d59535f3ca7cb11628f886b4ee96a684,unmeasured-product-commit,,0,fix(lynxtron): keep console check daemonless,shell,review-diff-current-harness-refinement,review-diff-background-fix-current,This interval ends in an explicit evidence measurement; no independent before/after measurement supports assigning its delta to this commit.
2026-08-15T18:53:28+09:00,37acf598cbaa5c2238c448b9372a0b62c3335f87,unmeasured-product-commit,,0,fix(lynxtron): prove owned devtool daemon exits,shell,review-diff-current-harness-refinement,review-diff-background-fix-current,This interval ends in an explicit evidence measurement; no independent before/after measurement supports assigning its delta to this commit.
2026-08-15T18:55:41+09:00,e5dd3edd27c79d007064a941733b3dc2583a9d7d,unmeasured-product-commit,,0,fix(lynxtron): reap isolated devtool listener,shell,review-diff-current-harness-refinement,review-diff-background-fix-current,This interval ends in an explicit evidence measurement; no independent before/after measurement supports assigning its delta to this commit.
2026-08-15T18:58:39+09:00,02f2dd25f33c9c1eef49841f827e3d9455b077a4,unmeasured-product-commit,,0,fix(lynxtron): restore truthful sidebar project cards,shell,review-diff-current-harness-refinement,review-diff-background-fix-current,This interval ends in an explicit evidence measurement; no independent before/after measurement supports assigning its delta to this commit.
2026-08-15T19:05:01+09:00,7675fd42dd2f4e2dfaad7fe3573801f7213de12c,unmeasured-product-commit,,0,docs(lynxtron): certify project scope fidelity,shell,review-diff-current-harness-refinement,review-diff-background-fix-current,This interval ends in an explicit evidence measurement; no independent before/after measurement supports assigning its delta to this commit.
2026-08-15T19:53:04+09:00,e36c6694d5009b37e88808d874fcce3060da5f88,unmeasured-product-commit,,0,test(lynxtron): verify non-git hero context,shell,review-diff-current-harness-refinement,review-diff-background-fix-current,This interval ends in an explicit evidence measurement; no independent before/after measurement supports assigning its delta to this commit.
2026-08-15T19:56:51+09:00,dfee2469653d51336abfed60cca1928c4cd3cf61,unmeasured-product-commit,,0,fix(lynxtron): hide context outside git repos,shell+composer,review-diff-current-harness-refinement,review-diff-background-fix-current,This interval ends in an explicit evidence measurement; no independent before/after measurement supports assigning its delta to this commit.
2026-08-15T20:03:27+09:00,fd1d70d252413edb52c74cbfd903f10caec1e765,unmeasured-product-commit,,0,docs(lynxtron): certify non-git composer hero,composer+shell,review-diff-current-harness-refinement,review-diff-background-fix-current,This interval ends in an explicit evidence measurement; no independent before/after measurement supports assigning its delta to this commit.
2026-08-15T20:10:47+09:00,60238b2e50ac81015b1b1049cde3b2b1b893b701,unmeasured-product-commit,,0,docs(lynxtron): refresh sendable composer evidence,composer+shell,review-diff-current-harness-refinement,review-diff-background-fix-current,This interval ends in an explicit evidence measurement; no independent before/after measurement supports assigning its delta to this commit.
2026-08-15T20:19:44+09:00,434838893333b0cd5bc6c5d88970367ae39438eb,unmeasured-product-commit,,0,test(lynxtron): verify native idle session,shell,review-diff-current-harness-refinement,review-diff-background-fix-current,This interval ends in an explicit evidence measurement; no independent before/after measurement supports assigning its delta to this commit.
2026-08-15T20:21:25+09:00,88fd664ae1540fa225e710658d180a1654cc401f,unmeasured-product-commit,,0,test(lynxtron): bind idle context to vcs state,shell,review-diff-current-harness-refinement,review-diff-background-fix-current,This interval ends in an explicit evidence measurement; no independent before/after measurement supports assigning its delta to this commit.
2026-08-15T20:24:28+09:00,abe6ebe22b542de32736f8554ce594594aad5212,unmeasured-product-commit,,0,test(lynxtron): wait for idle composer signal,shell,review-diff-current-harness-refinement,review-diff-background-fix-current,This interval ends in an explicit evidence measurement; no independent before/after measurement supports assigning its delta to this commit.
2026-08-15T20:27:59+09:00,accd048b1436d78b921746fd241673dc867ad8b6,unmeasured-product-commit,,0,test(lynxtron): reject idle transcript placeholder drift,shell,review-diff-current-harness-refinement,review-diff-background-fix-current,This interval ends in an explicit evidence measurement; no independent before/after measurement supports assigning its delta to this commit.
2026-08-15T20:34:29+09:00,261e749dc532f3f048efe9d32ab9485e7f8ec31c,unmeasured-product-commit,,0,test(lynxtron): compare idle transcript copy,shell,review-diff-current-harness-refinement,review-diff-background-fix-current,This interval ends in an explicit evidence measurement; no independent before/after measurement supports assigning its delta to this commit.
2026-08-15T20:34:56+09:00,85c059b695a5d5b08bde6733ec86e1d95347d50a,unmeasured-product-commit,,0,fix(lynxtron): match idle transcript placeholder,transcript,review-diff-current-harness-refinement,review-diff-background-fix-current,This interval ends in an explicit evidence measurement; no independent before/after measurement supports assigning its delta to this commit.
2026-08-15T20:40:32+09:00,c35877ba1d906e0ab75295b29522e2d3f798946f,unmeasured-product-commit,,0,test(lynxtron): gate idle placeholder geometry,shell,review-diff-current-harness-refinement,review-diff-background-fix-current,This interval ends in an explicit evidence measurement; no independent before/after measurement supports assigning its delta to this commit.
2026-08-15T20:41:02+09:00,7e601230b5c3b6396ae524d891d18f3cc52fd065,unmeasured-product-commit,,0,fix(lynxtron): align idle placeholder geometry,transcript+shell,review-diff-current-harness-refinement,review-diff-background-fix-current,This interval ends in an explicit evidence measurement; no independent before/after measurement supports assigning its delta to this commit.
2026-08-15T20:44:52+09:00,eb70e4cd4d8b380c1781ec496e4506a07d35fdbc,unmeasured-product-commit,,0,fix(lynxtron): preserve idle timeline flex basis,shell,review-diff-current-harness-refinement,review-diff-background-fix-current,This interval ends in an explicit evidence measurement; no independent before/after measurement supports assigning its delta to this commit.
2026-08-15T20:50:27+09:00,3e300be3f7b06beafc94a8510b09a432c148e79e,unmeasured-product-commit,,0,test(lynxtron): gate native idle placeholder bounds,shell,review-diff-current-harness-refinement,review-diff-background-fix-current,This interval ends in an explicit evidence measurement; no independent before/after measurement supports assigning its delta to this commit.
2026-08-15T20:50:57+09:00,435e189abf3478e71b00592563090724ecc6a150,unmeasured-product-commit,,0,fix(lynxtron): expand native idle placeholder,shell,review-diff-current-harness-refinement,review-diff-background-fix-current,This interval ends in an explicit evidence measurement; no independent before/after measurement supports assigning its delta to this commit.
2026-08-15T20:54:22+09:00,5b858fdd7c4d5dd77aa68be64546b92a816b80fc,unmeasured-product-commit,,0,fix(lynxtron): lift idle placeholder overlay,transcript+shell,review-diff-current-harness-refinement,review-diff-background-fix-current,This interval ends in an explicit evidence measurement; no independent before/after measurement supports assigning its delta to this commit.
2026-08-15T21:00:24+09:00,c9b4248fc1b4d75d25df8984b71728ba55f6aa95,unmeasured-product-commit,,0,test(lynxtron): measure idle chat column bounds,shell,review-diff-current-harness-refinement,review-diff-background-fix-current,This interval ends in an explicit evidence measurement; no independent before/after measurement supports assigning its delta to this commit.
2026-08-15T21:01:11+09:00,fb6b261f619d4943e433bc3f2f1ca753e0b581a6,unmeasured-product-commit,,0,fix(lynxtron): overlay idle copy at route level,shell+transcript,review-diff-current-harness-refinement,review-diff-background-fix-current,This interval ends in an explicit evidence measurement; no independent before/after measurement supports assigning its delta to this commit.
2026-08-15T21:07:11+09:00,6ae2974f72694718d5664ccc065601b31baffc36,unmeasured-product-commit,,0,test(lynxtron): measure idle body overlay,shell,review-diff-current-harness-refinement,review-diff-background-fix-current,This interval ends in an explicit evidence measurement; no independent before/after measurement supports assigning its delta to this commit.
2026-08-15T21:07:39+09:00,ddfc8dd518a65602e6d3c3205ba9eac41078f1a1,unmeasured-product-commit,,0,fix(lynxtron): anchor idle copy to chat body,shell,review-diff-current-harness-refinement,review-diff-background-fix-current,This interval ends in an explicit evidence measurement; no independent before/after measurement supports assigning its delta to this commit.
2026-08-15T21:14:15+09:00,72471987d666ecb66c9636041cfb8127b837f08c,unmeasured-product-commit,,0,docs(lynxtron): certify idle session fidelity,shell,review-diff-current-harness-refinement,review-diff-background-fix-current,This interval ends in an explicit evidence measurement; no independent before/after measurement supports assigning its delta to this commit.
2026-08-15T21:22:08+09:00,3bfcb8e5ecb0a6fd303f83ab04d7792aa21b97e0,unmeasured-product-commit,,0,docs(lynxtron): certify light hero fidelity,shell,review-diff-current-harness-refinement,review-diff-background-fix-current,This interval ends in an explicit evidence measurement; no independent before/after measurement supports assigning its delta to this commit.
2026-08-15T21:30:53+09:00,ac511a8356765a2f2de3f5ea6ffb10fa26d7d776,unmeasured-product-commit,,0,test(lynxtron): compare quick switch anatomy,shell,review-diff-current-harness-refinement,review-diff-background-fix-current,This interval ends in an explicit evidence measurement; no independent before/after measurement supports assigning its delta to this commit.
2026-08-15T21:35:25+09:00,abfeebf434247bb32ca36a8fea5d0df7e2ac12fe,unmeasured-product-commit,,0,test(lynxtron): measure quick switch search shell,shell,review-diff-current-harness-refinement,review-diff-background-fix-current,This interval ends in an explicit evidence measurement; no independent before/after measurement supports assigning its delta to this commit.
2026-08-15T21:40:38+09:00,9e56664a7f15e678bd80839bc64def1ac4b9fd24,unmeasured-product-commit,,0,test(lynxtron): verify native quick switch,shell,review-diff-current-harness-refinement,review-diff-background-fix-current,This interval ends in an explicit evidence measurement; no independent before/after measurement supports assigning its delta to this commit.
2026-08-15T21:46:00+09:00,2983344b6a10c6a1098b7c435290dbda95545f3e,unmeasured-product-commit,,0,docs(lynxtron): certify quick switch default,shell,review-diff-current-harness-refinement,review-diff-background-fix-current,This interval ends in an explicit evidence measurement; no independent before/after measurement supports assigning its delta to this commit.
2026-08-15T21:54:03+09:00,41ac8180f8d21b8a44278e6acf92fcfa144e054a,unmeasured-product-commit,,0,docs(lynxtron): certify quick switch query,shell,review-diff-current-harness-refinement,review-diff-background-fix-current,This interval ends in an explicit evidence measurement; no independent before/after measurement supports assigning its delta to this commit.
2026-08-15T22:01:09+09:00,aa87ec40286a751999110035b02d486c4b61cb9a,unmeasured-product-commit,,0,test(lynxtron): gate quick switch empty anatomy,shell,review-diff-current-harness-refinement,review-diff-background-fix-current,This interval ends in an explicit evidence measurement; no independent before/after measurement supports assigning its delta to this commit.
2026-08-15T22:05:42+09:00,8a8bffbaf630412056ee4398f2c8255829ec6921,unmeasured-product-commit,,0,docs(lynxtron): certify quick switch filters,shell,review-diff-current-harness-refinement,review-diff-background-fix-current,This interval ends in an explicit evidence measurement; no independent before/after measurement supports assigning its delta to this commit.
2026-08-15T22:25:42+09:00,e4799c12371316c43bf179e633b53bdd03c1beb4,unmeasured-product-commit,,0,fix(clients): derive working from session state,shell+transcript,review-diff-current-harness-refinement,review-diff-background-fix-current,This interval ends in an explicit evidence measurement; no independent before/after measurement supports assigning its delta to this commit.
2026-08-15T22:28:08+09:00,a0aa8ff43b707e45f319b4d28f5ce54c48e3bcd3,unmeasured-product-commit,,0,fix(web): keep sidebar working session-derived,shell,review-diff-current-harness-refinement,review-diff-background-fix-current,This interval ends in an explicit evidence measurement; no independent before/after measurement supports assigning its delta to this commit.
2026-08-15T22:37:36+09:00,bc9a6ce73754240849ddd4a97d22873fa205eb9e,unmeasured-product-commit,,0,fix(web): block composer while session connects,composer,review-diff-current-harness-refinement,review-diff-background-fix-current,This interval ends in an explicit evidence measurement; no independent before/after measurement supports assigning its delta to this commit.
2026-08-15T22:38:59+09:00,df800cbb2d1ffeafd2770ec0685c880c6f31f379,unmeasured-product-commit,,0,test(lynxtron): gate session-derived working states,shell,review-diff-current-harness-refinement,review-diff-background-fix-current,This interval ends in an explicit evidence measurement; no independent before/after measurement supports assigning its delta to this commit.
2026-08-15T22:45:39+09:00,922fbb9d4b79187842ebe52b969326e046ea200c,unmeasured-product-commit,,0,test(lynxtron): hash the shipped Web entry,shell,review-diff-current-harness-refinement,review-diff-background-fix-current,This interval ends in an explicit evidence measurement; no independent before/after measurement supports assigning its delta to this commit.
2026-08-15T22:51:26+09:00,f88714925cca603e090263f757a6261daa75d761,unmeasured-product-commit,,0,docs(lynxtron): certify session-derived working states,shell,review-diff-current-harness-refinement,review-diff-background-fix-current,This interval ends in an explicit evidence measurement; no independent before/after measurement supports assigning its delta to this commit.
2026-08-15T23:02:11+09:00,a1c22c53b307bb6926ebbc84412bb1069dbdea9a,unmeasured-product-commit,,0,fix(lynxtron): preserve the thread model authority,composer+shell,review-diff-current-harness-refinement,review-diff-background-fix-current,This interval ends in an explicit evidence measurement; no independent before/after measurement supports assigning its delta to this commit.
2026-08-15T23:08:09+09:00,015cd9a47c04236bc87ce3cab1ada2ea3a023b95,unmeasured-product-commit,,0,docs(lynxtron): certify the working thread model,composer+shell,review-diff-current-harness-refinement,review-diff-background-fix-current,This interval ends in an explicit evidence measurement; no independent before/after measurement supports assigning its delta to this commit.
2026-08-15T23:26:57+09:00,a21e2a2b26d42d9cd2bde4fb9d7d74fb7510581d,unmeasured-product-commit,,0,fix(lynxtron): sync the selected model picker state,shell+overlays,review-diff-current-harness-refinement,review-diff-background-fix-current,This interval ends in an explicit evidence measurement; no independent before/after measurement supports assigning its delta to this commit.
2026-08-15T23:27:59+09:00,436c328dcfefcbfdfb9db9a250353475dccc0e24,unmeasured-product-commit,,0,test(lynxtron): stabilize selected model picker capture,shell,review-diff-current-harness-refinement,review-diff-background-fix-current,This interval ends in an explicit evidence measurement; no independent before/after measurement supports assigning its delta to this commit.
2026-08-15T23:33:22+09:00,ab4b718bdfb2ff9641ede8fef0c37fab1d5b1e2b,unmeasured-product-commit,,0,fix(lynxtron): align the empty model picker viewport,overlays,review-diff-current-harness-refinement,review-diff-background-fix-current,This interval ends in an explicit evidence measurement; no independent before/after measurement supports assigning its delta to this commit.
2026-08-15T23:39:10+09:00,f68ec132bb279b4d084e1397d44e17d3d82c952b,unmeasured-product-commit,,0,test(lynxtron): require a visible selected model row,shell,review-diff-current-harness-refinement,review-diff-background-fix-current,This interval ends in an explicit evidence measurement; no independent before/after measurement supports assigning its delta to this commit.
2026-08-15T23:41:36+09:00,04d247062973d4f45e9ac12f14693828e8f8d334,unmeasured-product-commit,,0,test(lynxtron): serialize selected model evidence safely,shell,review-diff-current-harness-refinement,review-diff-background-fix-current,This interval ends in an explicit evidence measurement; no independent before/after measurement supports assigning its delta to this commit.
2026-08-15T23:53:37+09:00,d447a3dcd133e234acaa079d3127b365a023daed,unmeasured-product-commit,,0,docs(lynxtron): certify the selected model row,shell,review-diff-current-harness-refinement,review-diff-background-fix-current,This interval ends in an explicit evidence measurement; no independent before/after measurement supports assigning its delta to this commit.
2026-08-16T00:02:43+09:00,a4e95d4f209d1eb67c01f9cf793a89c4feabb05e,unmeasured-product-commit,,0,docs(lynxtron): certify the docked composer,composer+shell,review-diff-current-harness-refinement,review-diff-background-fix-current,This interval ends in an explicit evidence measurement; no independent before/after measurement supports assigning its delta to this commit.
2026-08-16T00:12:10+09:00,31b867852865c022dcd464b636b3e4d66bb0576a,unmeasured-product-commit,,0,fix(lynxtron): restore the working transcript inset,transcript,review-diff-current-harness-refinement,review-diff-background-fix-current,This interval ends in an explicit evidence measurement; no independent before/after measurement supports assigning its delta to this commit.
2026-08-16T00:13:35+09:00,a1508ad462af12c02637721e399fb767447d936a,unmeasured-product-commit,,0,test(lynxtron): gate working transcript geometry,shell,review-diff-current-harness-refinement,review-diff-background-fix-current,This interval ends in an explicit evidence measurement; no independent before/after measurement supports assigning its delta to this commit.
2026-08-16T00:19:05+09:00,c50d5242e952b2bf28ca34d97422ca97ddda8db7,unmeasured-product-commit,,0,docs(lynxtron): certify the working transcript inset,shell,review-diff-current-harness-refinement,review-diff-background-fix-current,This interval ends in an explicit evidence measurement; no independent before/after measurement supports assigning its delta to this commit.
2026-08-16T00:27:40+09:00,c166eadb9faffeab5c017d8f7e2e52b56d288242,unmeasured-product-commit,,0,docs(lynxtron): certify model provider navigation,shell,review-diff-current-harness-refinement,review-diff-background-fix-current,This interval ends in an explicit evidence measurement; no independent before/after measurement supports assigning its delta to this commit.
2026-08-16T00:34:58+09:00,1e834cb701ad5ccb4fd31d1f50047b8ad0fe14e5,unmeasured-product-commit,,0,docs(lynxtron): certify model picker query,shell,review-diff-current-harness-refinement,review-diff-background-fix-current,This interval ends in an explicit evidence measurement; no independent before/after measurement supports assigning its delta to this commit.
2026-08-16T00:42:39+09:00,0153a81e6b754c86dbdb17d87152339ece0b7b90,unmeasured-product-commit,,0,docs(lynxtron): certify sendable composer input,composer+shell,review-diff-current-harness-refinement,review-diff-background-fix-current,This interval ends in an explicit evidence measurement; no independent before/after measurement supports assigning its delta to this commit.
2026-08-16T00:49:59+09:00,5965c71ca9a4b6f8671267d9c292a6c861c36750,unmeasured-product-commit,,0,test(lynxtron): use the canonical archive route,shell,review-diff-current-harness-refinement,review-diff-background-fix-current,This interval ends in an explicit evidence measurement; no independent before/after measurement supports assigning its delta to this commit.
2026-08-16T01:12:21+09:00,f73b86f5eb9612acf6b9e8b8435f77f535fbb37f,unmeasured-product-commit,,0,fix(lynxtron): stretch archive settings rows,shell+settings,review-diff-current-harness-refinement,review-diff-background-fix-current,This interval ends in an explicit evidence measurement; no independent before/after measurement supports assigning its delta to this commit.
2026-08-16T01:12:56+09:00,e34b4c5a5deb331f36ad51969e166b79bf5000d5,unmeasured-product-commit,,0,test(lynxtron): measure general settings geometry,shell,review-diff-current-harness-refinement,review-diff-background-fix-current,This interval ends in an explicit evidence measurement; no independent before/after measurement supports assigning its delta to this commit.
2026-08-16T01:17:02+09:00,391999b599f42ba922cae153b9a63306e7bf8314,unmeasured-product-commit,,0,test(lynxtron): gate Archive settings geometry,shell,review-diff-current-harness-refinement,review-diff-background-fix-current,This interval ends in an explicit evidence measurement; no independent before/after measurement supports assigning its delta to this commit.
2026-08-16T01:22:41+09:00,bea5560633b95ba99148a91cdbdb1191343b6be8,unmeasured-product-commit,,0,docs(lynxtron): certify Archive settings layout,settings+shell,review-diff-current-harness-refinement,review-diff-background-fix-current,This interval ends in an explicit evidence measurement; no independent before/after measurement supports assigning its delta to this commit.
2026-08-16T01:41:37+09:00,c96c0f1a20d3538e3044aaffe6e0c771cbd55ad8,unmeasured-product-commit,,0,fix(lynxtron): add portable Beta auto-settle controls,settings+shell,review-diff-current-harness-refinement,review-diff-background-fix-current,This interval ends in an explicit evidence measurement; no independent before/after measurement supports assigning its delta to this commit.
2026-08-16T01:42:24+09:00,1f104806f197c1b831674879182bbb1a21e5aa6e,unmeasured-product-commit,,0,test(lynxtron): gate Settings section content,shell,review-diff-current-harness-refinement,review-diff-background-fix-current,This interval ends in an explicit evidence measurement; no independent before/after measurement supports assigning its delta to this commit.
2026-08-16T01:47:51+09:00,a47badde5114a10b0b6fc182399821b94e6481af,unmeasured-product-commit,,0,docs(lynxtron): certify Beta settings parity,settings+shell,review-diff-current-harness-refinement,review-diff-background-fix-current,This interval ends in an explicit evidence measurement; no independent before/after measurement supports assigning its delta to this commit.
2026-08-16T01:58:08+09:00,56ca43762e7022ff883645bd3be141abc70eb441,unmeasured-product-commit,,0,fix(lynxtron): honor access management scope,settings,review-diff-current-harness-refinement,review-diff-background-fix-current,This interval ends in an explicit evidence measurement; no independent before/after measurement supports assigning its delta to this commit.
2026-08-16T02:06:19+09:00,37e08d4b10bdda5c0b823a4e155c7723504141e2,unmeasured-product-commit,,0,docs(lynxtron): record source control loading evidence,settings+shell,review-diff-current-harness-refinement,review-diff-background-fix-current,This interval ends in an explicit evidence measurement; no independent before/after measurement supports assigning its delta to this commit.
2026-08-16T02:19:30+09:00,aa8a3a87137d53e524cf502e0612de0d33fb88e4,unmeasured-product-commit,,0,fix(lynxtron): match source control error state,shell+settings,review-diff-current-harness-refinement,review-diff-background-fix-current,This interval ends in an explicit evidence measurement; no independent before/after measurement supports assigning its delta to this commit.
2026-08-16T02:21:54+09:00,36ec93d795343421019115a8c964aa018e0171c8,unmeasured-product-commit,,0,test(lynxtron): gate source control error layout,shell+settings,review-diff-current-harness-refinement,review-diff-background-fix-current,This interval ends in an explicit evidence measurement; no independent before/after measurement supports assigning its delta to this commit.
2026-08-16T02:33:49+09:00,970cdc83d536469e2a62f03c0ee578308b81b8b0,unmeasured-product-commit,,0,test(lynxtron): verify native source control errors,shell,review-diff-current-harness-refinement,review-diff-background-fix-current,This interval ends in an explicit evidence measurement; no independent before/after measurement supports assigning its delta to this commit.
2026-08-16T02:38:57+09:00,96edb0d1c50a47c3ca26fa71845fb92d85f9a6a0,unmeasured-product-commit,,0,docs(lynxtron): certify source control error parity,settings+shell,review-diff-current-harness-refinement,review-diff-background-fix-current,This interval ends in an explicit evidence measurement; no independent before/after measurement supports assigning its delta to this commit.
2026-08-16T02:49:47+09:00,f34af056bd2f703464be512564f205f05f825763,unmeasured-product-commit,,0,test(lynxtron): guard against agent browser leaks,shell,review-diff-current-harness-refinement,review-diff-background-fix-current,This interval ends in an explicit evidence measurement; no independent before/after measurement supports assigning its delta to this commit.
2026-08-16T03:01:31+09:00,fc4eba4e8ce783d0c583a7bcd4eeff2dc3203d7f,unmeasured-product-commit,,0,fix(lynxtron): avoid leak guard self matches,shell,review-diff-current-harness-refinement,review-diff-background-fix-current,This interval ends in an explicit evidence measurement; no independent before/after measurement supports assigning its delta to this commit.
2026-08-16T03:04:43+09:00,46c67927265de0ce0da9b5557e83ce7f386de815,unmeasured-product-commit,,0,fix(lynxtron): match source control loading state,settings+shell,review-diff-current-harness-refinement,review-diff-background-fix-current,This interval ends in an explicit evidence measurement; no independent before/after measurement supports assigning its delta to this commit.
2026-08-16T03:05:54+09:00,32b91314fe3c63f4b41ba477c7423211eb155d85,unmeasured-product-commit,,0,test(lynxtron): make source control loading deterministic,shell+settings,review-diff-current-harness-refinement,review-diff-background-fix-current,This interval ends in an explicit evidence measurement; no independent before/after measurement supports assigning its delta to this commit.
2026-08-16T03:17:36+09:00,4e0c5a142c6c113fd897becf02ac7fa8035b2ca7,unmeasured-product-commit,,0,test(lynxtron): verify native source control loading,shell,review-diff-current-harness-refinement,review-diff-background-fix-current,This interval ends in an explicit evidence measurement; no independent before/after measurement supports assigning its delta to this commit.
2026-08-16T03:27:41+09:00,6dfb05135960e6494432853ab4ac70f7031ea07a,unmeasured-product-commit,,0,fix(lynxtron): scope browser leak ownership,shell,review-diff-current-harness-refinement,review-diff-background-fix-current,This interval ends in an explicit evidence measurement; no independent before/after measurement supports assigning its delta to this commit.
2026-08-16T03:30:53+09:00,26db2015b6b0628e79c3037cf6b9d38cb26b181c,unmeasured-product-commit,,0,docs(lynxtron): certify source control loading parity,settings+shell,review-diff-current-harness-refinement,review-diff-background-fix-current,This interval ends in an explicit evidence measurement; no independent before/after measurement supports assigning its delta to this commit.
2026-08-16T03:43:47+09:00,99d9bcc060437307d114b7e70d88f7d24dd09a3b,unmeasured-product-commit,,0,test(lynxtron): separate review checkpoint states,shell,review-diff-current-harness-refinement,review-diff-background-fix-current,This interval ends in an explicit evidence measurement; no independent before/after measurement supports assigning its delta to this commit.
2026-08-16T04:02:25+09:00,eaffc1428d8dddb21a2cca71ac7c471c674e8bc6,unmeasured-product-commit,,0,fix(lynxtron): restore review preview anatomy,review,review-diff-current-harness-refinement,review-diff-background-fix-current,This interval ends in an explicit evidence measurement; no independent before/after measurement supports assigning its delta to this commit.
2026-08-16T04:04:37+09:00,35ab3d1012849c20e872ad4461cc6f7b859b1fc6,unmeasured-product-commit,,0,test(lynxtron): verify native review checkpoint states,shell,review-diff-current-harness-refinement,review-diff-background-fix-current,This interval ends in an explicit evidence measurement; no independent before/after measurement supports assigning its delta to this commit.
2026-08-16T04:08:40+09:00,1685f60a25be9c3cb22cd10675910ca2d0974b1d,unmeasured-product-commit,,0,fix(lynxtron): retain final review fixture title,shell,review-diff-current-harness-refinement,review-diff-background-fix-current,This interval ends in an explicit evidence measurement; no independent before/after measurement supports assigning its delta to this commit.
2026-08-16T04:12:38+09:00,5f4aaae34c4ead1370891e22c03468a2083344f6,unmeasured-product-commit,,0,test(lynxtron): isolate native review geometry,shell,review-diff-current-harness-refinement,review-diff-background-fix-current,This interval ends in an explicit evidence measurement; no independent before/after measurement supports assigning its delta to this commit.
2026-08-16T04:21:57+09:00,8982a2fb953fb0c958a39dd19b2ef463031e1276,unmeasured-product-commit,,0,fix(lynxtron): stretch review cards natively,transcript+shell,review-diff-current-harness-refinement,review-diff-background-fix-current,This interval ends in an explicit evidence measurement; no independent before/after measurement supports assigning its delta to this commit.
2026-08-16T04:32:22+09:00,001971881ff045bb7e5577df50aea539c7decd06,unmeasured-product-commit,,0,fix(lynxtron): gate every fidelity loop for browser leaks,shell,review-diff-current-harness-refinement,review-diff-background-fix-current,This interval ends in an explicit evidence measurement; no independent before/after measurement supports assigning its delta to this commit.
2026-08-16T04:39:01+09:00,24010b27e01e40558ae0aa669427f7c64213f923,unmeasured-product-commit,,0,fix(lynxtron): stretch review rows across transcript,transcript+shell,review-diff-current-harness-refinement,review-diff-background-fix-current,This interval ends in an explicit evidence measurement; no independent before/after measurement supports assigning its delta to this commit.
2026-08-16T04:50:37+09:00,3ad00f41a8b05cef4b35c61b0e4b2190a3765025,unmeasured-product-commit,,0,docs(lynxtron): record review checkpoint fidelity,review+shell,review-diff-current-harness-refinement,review-diff-background-fix-current,This interval ends in an explicit evidence measurement; no independent before/after measurement supports assigning its delta to this commit.
2026-08-16T04:59:06+09:00,3f0942855bdc5cfd78ea4a19a89c6a067e4e74e5,unmeasured-product-commit,,0,test(lynxtron): normalize composer toolbar allocation,shell,review-diff-current-harness-refinement,review-diff-background-fix-current,This interval ends in an explicit evidence measurement; no independent before/after measurement supports assigning its delta to this commit.
2026-08-16T05:04:42+09:00,ae12d3c54e00fdf705a92bfb17a5107842e9b6d9,unmeasured-product-commit,,0,docs(lynxtron): refine sendable toolbar geometry,composer+shell,review-diff-current-harness-refinement,review-diff-background-fix-current,This interval ends in an explicit evidence measurement; no independent before/after measurement supports assigning its delta to this commit.
2026-08-16T05:11:12+09:00,c54555deba1e8e6850f7b7453062efeb95c1fc7c,unmeasured-product-commit,,0,fix(lynxtron): restore general settings column flow,settings,review-diff-current-harness-refinement,review-diff-background-fix-current,This interval ends in an explicit evidence measurement; no independent before/after measurement supports assigning its delta to this commit.
2026-08-16T05:15:24+09:00,d2e57a3b25b9baf6c515500660a82d39d28663b7,unmeasured-product-commit,,0,test(lynxtron): gate general settings geometry,shell,review-diff-current-harness-refinement,review-diff-background-fix-current,This interval ends in an explicit evidence measurement; no independent before/after measurement supports assigning its delta to this commit.
2026-08-16T05:25:33+09:00,4115f27dfc7a0d11750794ee6b9517b585765fcd,unmeasured-product-commit,,0,docs(lynxtron): record general settings column flow,settings+shell,review-diff-current-harness-refinement,review-diff-background-fix-current,This interval ends in an explicit evidence measurement; no independent before/after measurement supports assigning its delta to this commit.
2026-08-16T05:29:20+09:00,34835197b37f9157ff905852854940987475b523,unmeasured-product-commit,,0,test(lynxtron): require both review patches,shell+review,review-diff-current-harness-refinement,review-diff-background-fix-current,This interval ends in an explicit evidence measurement; no independent before/after measurement supports assigning its delta to this commit.
2026-08-16T05:33:33+09:00,237b401023aeed1fd1255ef181096b0a1533244e,unmeasured-product-commit,,0,test(lynxtron): drive complete review patches,shell+review,review-diff-current-harness-refinement,review-diff-background-fix-current,This interval ends in an explicit evidence measurement; no independent before/after measurement supports assigning its delta to this commit.
2026-08-16T05:57:42+09:00,b2dede1fd51b23a836063110531dcebe8fa66d13,unmeasured-product-commit,,0,fix(lynxtron): read complete review patches in captures,review+shell,review-diff-current-harness-refinement,review-diff-background-fix-current,This interval ends in an explicit evidence measurement; no independent before/after measurement supports assigning its delta to this commit.
2026-08-16T06:08:48+09:00,be81db2a8922e2ace25078ecc060fc716a33126f,unmeasured-product-commit,,0,test(lynxtron): measure review diff geometry,review+shell,review-diff-current-harness-refinement,review-diff-background-fix-current,This interval ends in an explicit evidence measurement; no independent before/after measurement supports assigning its delta to this commit.
2026-08-16T06:19:12+09:00,0873f65e5600f685d2ae9c24b49043d4a2b3f0f0,unmeasured-product-commit,,0,fix(lynxtron): restore review layout in browser proxy,shell,review-diff-current-harness-refinement,review-diff-background-fix-current,This interval ends in an explicit evidence measurement; no independent before/after measurement supports assigning its delta to this commit.
2026-08-16T06:19:34+09:00,cd816245dbc3c1c0340023e36506366ccb0b63cf,unmeasured-product-commit,,0,fix(lynxtron): match review panel background,shell,review-diff-current-harness-refinement,review-diff-background-fix-current,This interval ends in an explicit evidence measurement; no independent before/after measurement supports assigning its delta to this commit.
2026-08-16T06:21:22+09:00,cd816245dbc3c1c0340023e36506366ccb0b63cf,measured-product-change,-0.000001,0.99,Review Full Diff background fix,review,review-diff-current-harness-refinement,review-diff-background-fix-current,"Direct dark before/after captures share the final reader, Browser Proxy conditioning, Web bundle, fixture, route, theme, viewport, and patch. Only the right-panel background token changes."
2026-08-16T06:26:28+09:00,1ac0b8b5701186fb4ffaf7fe7cff8bb6d8762ee6,unmeasured-product-commit,,0,docs(lynxtron): record current review fidelity,review+shell,review-diff-background-fix-current,existing-thread-completed-current-rich-fixture,This interval ends in an explicit evidence measurement; no independent before/after measurement supports assigning its delta to this commit.
2026-08-16T06:29:31+09:00,e8c55e0d5dafb6fc3aa01c20176612a6beccca48,unmeasured-product-commit,,0,docs(lynxtron): refresh fidelity loss report,shell,review-diff-background-fix-current,existing-thread-completed-current-rich-fixture,This interval ends in an explicit evidence measurement; no independent before/after measurement supports assigning its delta to this commit.
2026-08-16T06:42:56+09:00,e8c55e0d5dafb6fc3aa01c20176612a6beccca48,measurement-refinement,0.000062,0.99,Existing Thread Completed current rich fixture,transcript,review-diff-background-fix-current,existing-thread-completed-current-rich-fixture,"The fixture contains additional real fold and checkpoint surfaces absent from the older simple capture. No product delta is assigned, and the no-benefit spacer hypothesis was reverted before this point."
2026-08-16T06:37:04+09:00,c37644560980b4fdb64ae3e56110fbb3b1fd7119,unmeasured-product-commit,,0,test(lynxtron): measure current inline markdown,shell,existing-thread-completed-current-rich-fixture,settings-connections-current-session-baseline,This interval ends in an explicit evidence measurement; no independent before/after measurement supports assigning its delta to this commit.
2026-08-16T06:47:17+09:00,fec27b29ace7042daf4da93c8be8acdd3d1015f4,unmeasured-product-commit,,0,docs(lynxtron): record current completed thread,shell,existing-thread-completed-current-rich-fixture,settings-connections-current-session-baseline,This interval ends in an explicit evidence measurement; no independent before/after measurement supports assigning its delta to this commit.
2026-08-16T06:48:08+09:00,bad65fb3b1607e606ccbebc84d26aef4cefd39a8,unmeasured-product-commit,,0,docs(lynxtron): refresh completed fidelity report,shell,existing-thread-completed-current-rich-fixture,settings-connections-current-session-baseline,This interval ends in an explicit evidence measurement; no independent before/after measurement supports assigning its delta to this commit.
2026-08-16T06:54:00+09:00,bad65fb3b1607e606ccbebc84d26aef4cefd39a8,measurement-refinement,-0.003302,0.99,Settings Connections current session baseline,settings,existing-thread-completed-current-rich-fixture,settings-connections-current-session-baseline,"Fresh route, geometry, content, bundle, and session-projection diagnostics replace the old generic strict-matrix gate. No product delta is assigned at this point."
2026-08-16T06:54:01+09:00,681cd2d762992e6981444570d4e32bceee90e1ba,unmeasured-product-commit,,0,fix(lynxtron): stack connections settings sections,settings,settings-connections-current-session-baseline,settings-connections-column-flow-fix-current,This interval ends in an explicit evidence measurement; no independent before/after measurement supports assigning its delta to this commit.
2026-08-16T06:59:12+09:00,681cd2d762992e6981444570d4e32bceee90e1ba,measured-product-change,-0.000803,0.99,Settings Connections column-flow fix,settings,settings-connections-current-session-baseline,settings-connections-column-flow-fix-current,"Direct before/after Browser captures share one immutable snapshot, route, theme, viewport, and Web authority. The product change only restores the established Connections container layout; the later harness commit changes admission semantics, not pixels."
2026-08-16T06:58:12+09:00,0e942fe97ab334ce46d192aea74ecb9472397398,unmeasured-product-commit,,0,test(lynxtron): admit session-aware connections,shell,settings-connections-column-flow-fix-current,review-empty-current-grid-baseline,This interval ends in an explicit evidence measurement; no independent before/after measurement supports assigning its delta to this commit.
2026-08-16T07:02:03+09:00,d8635817fd4fe9dbb9f06a9d3d3d053b7683ad7d,unmeasured-product-commit,,0,docs(lynxtron): record current connections fidelity,settings+shell,settings-connections-column-flow-fix-current,review-empty-current-grid-baseline,This interval ends in an explicit evidence measurement; no independent before/after measurement supports assigning its delta to this commit.
2026-08-16T07:02:53+09:00,2f23c04942aba68039b0af66c581d77fb62dd6b6,unmeasured-product-commit,,0,docs(lynxtron): refresh connections fidelity report,shell,settings-connections-column-flow-fix-current,review-empty-current-grid-baseline,This interval ends in an explicit evidence measurement; no independent before/after measurement supports assigning its delta to this commit.
2026-08-16T07:07:10+09:00,02b431c039bc362261ad594228318d0fcbad9474,unmeasured-product-commit,,0,test(lynxtron): measure empty panel actions,shell,settings-connections-column-flow-fix-current,review-empty-current-grid-baseline,This interval ends in an explicit evidence measurement; no independent before/after measurement supports assigning its delta to this commit.
2026-08-16T07:07:00+09:00,02b431c039bc362261ad594228318d0fcbad9474,measurement-refinement,-0.003604,0.99,Review Empty current grid baseline,review,settings-connections-column-flow-fix-current,review-empty-current-grid-baseline,Fresh action-level geometry and truthful placeholder diagnostics replace the old coarse native matrix estimate. No product delta is assigned at this point.
2026-08-16T07:15:15+09:00,f69627d31940cefc6ab6a02715447abe6bc50825,unmeasured-product-commit,,0,fix(lynxtron): match empty panel action grid,transcript+shell+review,review-empty-current-grid-baseline,review-empty-shared-grid-fix-current,This interval ends in an explicit evidence measurement; no independent before/after measurement supports assigning its delta to this commit.
2026-08-16T07:15:36+09:00,f69627d31940cefc6ab6a02715447abe6bc50825,measured-product-change,-0.000819,0.99,Review Empty shared action grid fix,review,review-empty-current-grid-baseline,review-empty-shared-grid-fix-current,"Direct before/after Browser captures share one immutable fixture, route, theme, viewport, Web authority, and strict gate. The product change replaces unsupported Grid/flex-wrap behavior with one shared physical 2x2 structure."
2026-08-16T07:18:31+09:00,8c2628203d76502d288b55621ae66fd07a289d05,unmeasured-product-commit,,0,docs(lynxtron): record current empty panel fidelity,shell,review-empty-shared-grid-fix-current,model-picker-empty-current-visible-baseline,This interval ends in an explicit evidence measurement; no independent before/after measurement supports assigning its delta to this commit.
2026-08-16T07:19:19+09:00,74186858fb0b7ad6b4fdf57217da45250b5d7e87,unmeasured-product-commit,,0,docs(lynxtron): refresh empty panel fidelity report,shell,review-empty-shared-grid-fix-current,model-picker-empty-current-visible-baseline,This interval ends in an explicit evidence measurement; no independent before/after measurement supports assigning its delta to this commit.
2026-08-16T07:21:16+09:00,072ff0394c825408c5b9f50b1fdde54add308b9d,unmeasured-product-commit,,0,docs(lynxtron): refresh Tailwind compatibility report,shell,review-empty-shared-grid-fix-current,model-picker-empty-current-visible-baseline,This interval ends in an explicit evidence measurement; no independent before/after measurement supports assigning its delta to this commit.
2026-08-16T07:25:47+09:00,5c107be3cebfb09cf7f6e7ad43cc1ddff8782270,unmeasured-product-commit,,0,test(lynxtron): require the empty model picker,shell,review-empty-shared-grid-fix-current,model-picker-empty-current-visible-baseline,This interval ends in an explicit evidence measurement; no independent before/after measurement supports assigning its delta to this commit.
2026-08-16T07:32:15+09:00,40ebf121718fd6bc29287e074c4c6aa2073982f1,unmeasured-product-commit,,0,fix(lynxtron): align the model picker anchor,overlays+shell,review-empty-shared-grid-fix-current,model-picker-empty-current-visible-baseline,This interval ends in an explicit evidence measurement; no independent before/after measurement supports assigning its delta to this commit.
2026-08-16T07:33:36+09:00,01ec4a7279c5b0c60a4f37b14cb73d682d8e6ab5,unmeasured-product-commit,,0,revert(lynxtron): keep the verified picker offset,overlays+shell,review-empty-shared-grid-fix-current,model-picker-empty-current-visible-baseline,This interval ends in an explicit evidence measurement; no independent before/after measurement supports assigning its delta to this commit.
2026-08-16T07:38:00+09:00,01ec4a7279c5b0c60a4f37b14cb73d682d8e6ab5,measurement-refinement,-0.004896,0.99,Model Picker Empty current visible baseline,overlays,review-empty-shared-grid-fix-current,model-picker-empty-current-visible-baseline,The current point replaces invalid no-overlay pixels with strict overlay-in-frame evidence. No product delta is assigned to the harness corrections.
2026-08-16T07:38:04+09:00,2361c2ea07b4f2ac854b8fe1a8236239e272108d,unmeasured-product-commit,,0,test(lynxtron): preserve overlays through screenshots,shell,model-picker-empty-current-visible-baseline,model-picker-empty-visible-panel-fix-current,This interval ends in an explicit evidence measurement; no independent before/after measurement supports assigning its delta to this commit.
2026-08-16T07:47:51+09:00,b35d89761d1d3906cb3d4e75144f83708c93a38e,unmeasured-product-commit,,0,test(lynxtron): expose overlay clipping ancestors,shell,model-picker-empty-current-visible-baseline,model-picker-empty-visible-panel-fix-current,This interval ends in an explicit evidence measurement; no independent before/after measurement supports assigning its delta to this commit.
2026-08-16T07:49:50+09:00,8a4d5d5b0ada6afe895ecb2be9a511dd2d1553cc,unmeasured-product-commit,,0,fix(lynxtron): render the anchored model picker,composer+overlays+shell,model-picker-empty-current-visible-baseline,model-picker-empty-visible-panel-fix-current,This interval ends in an explicit evidence measurement; no independent before/after measurement supports assigning its delta to this commit.
2026-08-16T07:50:49+09:00,8a4d5d5b0ada6afe895ecb2be9a511dd2d1553cc,measured-product-change,-0.000578,0.99,Model Picker Empty visible panel fix,overlays,model-picker-empty-current-visible-baseline,model-picker-empty-visible-panel-fix-current,"Direct valid before/after captures share the strict overlay-preserving harness, immutable fixture, query, route, theme, viewport, and Web authority. The product changes only expose the anchored panel and align its offset."
2026-08-16T07:55:10+09:00,519fa7c2c2b3b37425e819075d4b867bcb797acf,unmeasured-product-commit,,0,docs(lynxtron): record current empty picker fidelity,shell,model-picker-empty-visible-panel-fix-current,quick-switch-query-current-visible-baseline,This interval ends in an explicit evidence measurement; no independent before/after measurement supports assigning its delta to this commit.
2026-08-16T07:56:00+09:00,2339dc20b3ed28f40eda5d8a5dedd25c551a4e95,unmeasured-product-commit,,0,docs(lynxtron): refresh empty picker fidelity report,shell,model-picker-empty-visible-panel-fix-current,quick-switch-query-current-visible-baseline,This interval ends in an explicit evidence measurement; no independent before/after measurement supports assigning its delta to this commit.
2026-08-16T07:56:00+09:00,2339dc20b3ed28f40eda5d8a5dedd25c551a4e95,measurement-refinement,0.000294,0.99,Quick Switch Query current visible baseline,overlays,model-picker-empty-visible-panel-fix-current,quick-switch-query-current-visible-baseline,The overlay-preserving harness makes the retained pixels match the asserted state. No product delta is assigned at this baseline.
2026-08-16T08:02:32+09:00,bdd6da2d54bfa4d8fb562975536eec98fe181dc4,unmeasured-product-commit,,0,fix(lynxtron): match Quick Switch glass material,overlays+shell,quick-switch-query-current-visible-baseline,quick-switch-query-glass-fix-current,This interval ends in an explicit evidence measurement; no independent before/after measurement supports assigning its delta to this commit.
2026-08-16T08:03:00+09:00,bdd6da2d54bfa4d8fb562975536eec98fe181dc4,measured-product-change,-0.00029,0.99,Quick Switch Query glass material fix,overlays,quick-switch-query-current-visible-baseline,quick-switch-query-glass-fix-current,"Direct before/after captures share the strict overlay-preserving harness, fixture, query, route, theme, viewport, and Web authority. Only Quick Switch material tokens change."
2026-08-16T08:11:00+09:00,2339dc20b3ed28f40eda5d8a5dedd25c551a4e95,measurement-refinement,0.000559,0.99,Quick Switch filter states current visible baseline,overlays,quick-switch-query-glass-fix-current,quick-switch-filter-states-current-visible-baseline,"Fresh explicit-state, overlay-in-frame captures replace older evidence whose screenshot-time click could close the overlay. The old material is retained for direct attribution."
2026-08-16T08:02:32+09:00,bdd6da2d54bfa4d8fb562975536eec98fe181dc4,unmeasured-product-commit,,0,fix(lynxtron): match Quick Switch glass material,overlays+shell,quick-switch-filter-states-current-visible-baseline,quick-switch-filter-states-glass-fix-current,This interval ends in an explicit evidence measurement; no independent before/after measurement supports assigning its delta to this commit.
2026-08-16T08:13:47+09:00,bdd6da2d54bfa4d8fb562975536eec98fe181dc4,measured-product-change,-0.000659,0.99,Quick Switch filter states glass fix,overlays,quick-switch-filter-states-current-visible-baseline,quick-switch-filter-states-glass-fix-current,"Direct before/after captures for each state share the final overlay-preserving harness, immutable fixture, query, route, theme, viewport, and Web authority. Only the shared Quick Switch material changes."
2026-08-16T08:06:35+09:00,4c65617d0618beb7beab23f6d5120180c03945a1,unmeasured-product-commit,,0,docs(lynxtron): record visible Quick Switch fidelity,shell,quick-switch-filter-states-glass-fix-current,model-picker-selected-current-visible-baseline,This interval ends in an explicit evidence measurement; no independent before/after measurement supports assigning its delta to this commit.
2026-08-16T08:07:44+09:00,fe490495889afa8baedcb35724722ae242b80383,unmeasured-product-commit,,0,docs(lynxtron): refresh visible overlay fidelity report,shell,quick-switch-filter-states-glass-fix-current,model-picker-selected-current-visible-baseline,This interval ends in an explicit evidence measurement; no independent before/after measurement supports assigning its delta to this commit.
2026-08-16T08:11:08+09:00,742e035cd98cf57c2366c378be1895a3d4e5a8af,unmeasured-product-commit,,0,test(lynxtron): define Quick Switch filter states,shell,quick-switch-filter-states-glass-fix-current,model-picker-selected-current-visible-baseline,This interval ends in an explicit evidence measurement; no independent before/after measurement supports assigning its delta to this commit.
2026-08-16T08:17:15+09:00,af268f603abc137fccf2c6c929a03d32af7f3446,unmeasured-product-commit,,0,docs(lynxtron): record visible Quick Switch filters,shell,quick-switch-filter-states-glass-fix-current,model-picker-selected-current-visible-baseline,This interval ends in an explicit evidence measurement; no independent before/after measurement supports assigning its delta to this commit.
2026-08-16T08:18:11+09:00,87c113fe7dea4433264f801b9a0cfe6b0f5b0c89,unmeasured-product-commit,,0,docs(lynxtron): refresh Quick Switch filter report,shell,quick-switch-filter-states-glass-fix-current,model-picker-selected-current-visible-baseline,This interval ends in an explicit evidence measurement; no independent before/after measurement supports assigning its delta to this commit.
2026-08-16T08:23:05+09:00,63a28925d901800eecbe791d592c5823a1920dc2,unmeasured-product-commit,,0,test(lynxtron): harden fidelity loop state guards,shell,quick-switch-filter-states-glass-fix-current,model-picker-selected-current-visible-baseline,This interval ends in an explicit evidence measurement; no independent before/after measurement supports assigning its delta to this commit.
2026-08-16T08:33:56+09:00,e217b90f1d78a4f804193cf113179b692c025b5c,unmeasured-product-commit,,0,test(lynxtron): seed a visible selected model,shell,quick-switch-filter-states-glass-fix-current,model-picker-selected-current-visible-baseline,This interval ends in an explicit evidence measurement; no independent before/after measurement supports assigning its delta to this commit.
2026-08-16T08:38:58+09:00,137d9ba020c06e0e515fa83b5475a94e8bb06ab2,unmeasured-product-commit,,0,test(lynxtron): inspect model picker row anatomy,shell,quick-switch-filter-states-glass-fix-current,model-picker-selected-current-visible-baseline,This interval ends in an explicit evidence measurement; no independent before/after measurement supports assigning its delta to this commit.
2026-08-16T08:51:27+09:00,137d9ba020c06e0e515fa83b5475a94e8bb06ab2,measurement-refinement,-0.000633,0.99,Model Picker selected-model current visible baseline,overlays,quick-switch-filter-states-glass-fix-current,model-picker-selected-current-visible-baseline,"Fresh explicit-overlay, visible-selected-row captures replace evidence that depended on caller-supplied overlay state and a manually prepared fixture. The product pixels are retained as the direct baseline."
2026-08-16T08:50:06+09:00,4945d125c579a428f8b1d40d2dbbd1988d12d0b4,unmeasured-product-commit,,0,fix(lynxtron): align selected model rows,overlays+shell,model-picker-selected-current-visible-baseline,model-picker-selected-row-fidelity-fix-current,This interval ends in an explicit evidence measurement; no independent before/after measurement supports assigning its delta to this commit.
2026-08-16T08:51:27+09:00,4945d125c579a428f8b1d40d2dbbd1988d12d0b4,measured-product-change,-0.000199,0.99,Model Picker selected-row fidelity fix,overlays,model-picker-selected-current-visible-baseline,model-picker-selected-row-fidelity-fix-current,"Direct before/after captures share the final state defaults, prepared snapshot, route, theme, viewport, Web authority, and zero-error runtime. Only the shared row anatomy and Lynx row presentation change."
2026-08-16T08:52:37+09:00,a701c3aa8c37be1261662baaedd598275330d91f,unmeasured-product-commit,,0,docs(lynxtron): record selected model row fidelity,shell,model-picker-selected-row-fidelity-fix-current,existing-thread-working-light-responsive-baseline,This interval ends in an explicit evidence measurement; no independent before/after measurement supports assigning its delta to this commit.
2026-08-16T08:56:48+09:00,2758309a4af499d2888d97ec37a082f2f2db8e3c,unmeasured-product-commit,,0,docs(lynxtron): register selected model fidelity points,shell,model-picker-selected-row-fidelity-fix-current,existing-thread-working-light-responsive-baseline,This interval ends in an explicit evidence measurement; no independent before/after measurement supports assigning its delta to this commit.
2026-08-16T08:59:15+09:00,1ab9a7a0574e88c0197f4868449ee4899d00c846,unmeasured-product-commit,,0,docs(lynxtron): refresh selected model fidelity reports,shell,model-picker-selected-row-fidelity-fix-current,existing-thread-working-light-responsive-baseline,This interval ends in an explicit evidence measurement; no independent before/after measurement supports assigning its delta to this commit.
2026-08-16T09:15:13+09:00,bf3e779b5f6852f15664c82355ae98c4703fca0b,unmeasured-product-commit,,0,test(lynxtron): gate sidebar stage identity,shell,model-picker-selected-row-fidelity-fix-current,existing-thread-working-light-responsive-baseline,This interval ends in an explicit evidence measurement; no independent before/after measurement supports assigning its delta to this commit.
2026-08-16T09:30:14+09:00,4548f83ec5125556dcd6e47cf58896f16013bf25,unmeasured-product-commit,,0,test(lynxtron): synchronize workbench client state,shell,model-picker-selected-row-fidelity-fix-current,existing-thread-working-light-responsive-baseline,This interval ends in an explicit evidence measurement; no independent before/after measurement supports assigning its delta to this commit.
2026-08-16T09:44:51+09:00,4548f83ec5125556dcd6e47cf58896f16013bf25,measurement-refinement,-0.002646,0.99,Existing Thread Working light responsive baseline,transcript,model-picker-selected-row-fidelity-fix-current,existing-thread-working-light-responsive-baseline,The invalid stage-mismatched frame never updates loss. The retained baseline uses one immutable server snapshot and one canonical client-local settings document in both Browser renderers.
2026-08-16T09:33:19+09:00,980260efa64083bfc6bed9e18b7adb670eeb04ad,unmeasured-product-commit,,0,fix(lynxtron): align responsive sidebar branding,shell,existing-thread-working-light-responsive-baseline,existing-thread-working-responsive-brand-fix,This interval ends in an explicit evidence measurement; no independent before/after measurement supports assigning its delta to this commit.
2026-08-16T09:44:51+09:00,980260efa64083bfc6bed9e18b7adb670eeb04ad,measured-product-change,-0.000018,0.99,Existing Thread Working responsive brand fix,transcript,existing-thread-working-light-responsive-baseline,existing-thread-working-responsive-brand-fix,"Direct before/after captures share the final stage-identity harness, immutable server and client state, light theme, 1440x900 viewport, and Web authority. Only the responsive brand host offset changes."
2026-08-16T09:44:51+09:00,980260efa64083bfc6bed9e18b7adb670eeb04ad,evidence-session,-0.013708,0.99,Existing Thread Working light Native responsive certification,transcript,existing-thread-working-responsive-brand-fix,existing-thread-working-light-native-responsive-certification,Exact staged bundle and isolated state independently corroborate the responsive brand and Working state without assigning another product delta.
2026-08-16T09:43:40+09:00,60fc8471753e31bdbedbabe7b3619af37e06ec8a,unmeasured-product-commit,,0,test(lynxtron): verify responsive native branding,shell,existing-thread-working-light-native-responsive-certification,existing-thread-working-header-git-publish-fix-current,This interval ends in an explicit evidence measurement; no independent before/after measurement supports assigning its delta to this commit.
2026-08-16T09:47:04+09:00,c1478c7c3ecab57c0c7284985813bd3f13911165,unmeasured-product-commit,,0,docs(lynxtron): record responsive working fidelity,shell,existing-thread-working-light-native-responsive-certification,existing-thread-working-header-git-publish-fix-current,This interval ends in an explicit evidence measurement; no independent before/after measurement supports assigning its delta to this commit.
2026-08-16T09:52:07+09:00,4e6f93d3e5ce70b22df18cb77855a3d7473d072c,unmeasured-product-commit,,0,docs(lynxtron): register responsive working fidelity,shell,existing-thread-working-light-native-responsive-certification,existing-thread-working-header-git-publish-fix-current,This interval ends in an explicit evidence measurement; no independent before/after measurement supports assigning its delta to this commit.
2026-08-16T09:54:32+09:00,a965c343fb4a104df553c48529ad47948fb98678,unmeasured-product-commit,,0,docs(lynxtron): refresh responsive working reports,shell,existing-thread-working-light-native-responsive-certification,existing-thread-working-header-git-publish-fix-current,This interval ends in an explicit evidence measurement; no independent before/after measurement supports assigning its delta to this commit.
2026-08-16T09:59:15+09:00,975ea548413fef2cf1e5a57fba641eedaac8acf2,unmeasured-product-commit,,0,test(lynxtron): inspect Header action presentation,shell,existing-thread-working-light-native-responsive-certification,existing-thread-working-header-git-publish-fix-current,This interval ends in an explicit evidence measurement; no independent before/after measurement supports assigning its delta to this commit.
2026-08-16T10:06:43+09:00,f5f44a4e345158f50053cebe96fb2362452dfe58,unmeasured-product-commit,,0,feat(lynxtron): expose project VCS status,shell,existing-thread-working-light-native-responsive-certification,existing-thread-working-header-git-publish-fix-current,This interval ends in an explicit evidence measurement; no independent before/after measurement supports assigning its delta to this commit.
2026-08-16T10:16:02+09:00,9dd416707aeaed060a10c073e2e251033fcad909,unmeasured-product-commit,,0,refactor(client-runtime): share Git quick actions,shell,existing-thread-working-light-native-responsive-certification,existing-thread-working-header-git-publish-fix-current,This interval ends in an explicit evidence measurement; no independent before/after measurement supports assigning its delta to this commit.
2026-08-16T10:34:57+09:00,e4e8fa0a11996ea365be5ce99e6ce63415a9779c,unmeasured-product-commit,,0,test(lynxtron): enforce browser leak gates around every loop,shell,existing-thread-working-light-native-responsive-certification,existing-thread-working-header-git-publish-fix-current,This interval ends in an explicit evidence measurement; no independent before/after measurement supports assigning its delta to this commit.
2026-08-16T10:35:27+09:00,259ac617bd22cb018250ed06356a7dc5dee977e3,unmeasured-product-commit,,0,test(lynxtron): gate evidence on Header Git action state,shell,existing-thread-working-light-native-responsive-certification,existing-thread-working-header-git-publish-fix-current,This interval ends in an explicit evidence measurement; no independent before/after measurement supports assigning its delta to this commit.
2026-08-16T10:35:55+09:00,d131f0c1ea4be7e889e345f7a1957c7c25b53fce,unmeasured-product-commit,,0,feat(lynxtron): bridge repository publishing,shell,existing-thread-working-light-native-responsive-certification,existing-thread-working-header-git-publish-fix-current,This interval ends in an explicit evidence measurement; no independent before/after measurement supports assigning its delta to this commit.
2026-08-16T11:02:23+09:00,14c1c5d48a752761f35277baf775b21481683854,unmeasured-product-commit,,0,fix(lynxtron): make Header Git actions state driven,shell,existing-thread-working-light-native-responsive-certification,existing-thread-working-header-git-publish-fix-current,This interval ends in an explicit evidence measurement; no independent before/after measurement supports assigning its delta to this commit.
2026-08-16T11:02:56+09:00,966d4492475ee39aad33c2c05cb0e658d3746d5a,unmeasured-product-commit,,0,test(lynxtron): certify Publish dialog interaction,shell,existing-thread-working-light-native-responsive-certification,existing-thread-working-header-git-publish-fix-current,This interval ends in an explicit evidence measurement; no independent before/after measurement supports assigning its delta to this commit.
2026-08-16T11:06:25+09:00,e7ee049329034d3b737f2de8d12fa366a871dc2c,unmeasured-product-commit,,0,test(lynxtron): wait for stable thread before Publish evidence,shell,existing-thread-working-light-native-responsive-certification,existing-thread-working-header-git-publish-fix-current,This interval ends in an explicit evidence measurement; no independent before/after measurement supports assigning its delta to this commit.
2026-08-16T11:12:20+09:00,e8c60ea38b3b638f5be7cb9327302e26a3175e16,unmeasured-product-commit,,0,fix(lynxtron): keep Publish overlay outside Header lifecycle,shell,existing-thread-working-light-native-responsive-certification,existing-thread-working-header-git-publish-fix-current,This interval ends in an explicit evidence measurement; no independent before/after measurement supports assigning its delta to this commit.
2026-08-16T11:12:51+09:00,afe59efd8270e1ebc69e0680ff08a6a6b7c2b515,unmeasured-product-commit,,0,test(lynxtron): prevent overlay opener click-through,shell,existing-thread-working-light-native-responsive-certification,existing-thread-working-header-git-publish-fix-current,This interval ends in an explicit evidence measurement; no independent before/after measurement supports assigning its delta to this commit.
2026-08-16T11:36:28+09:00,0b5d7a25215ba37a91f494f2d8f6f441fb86c4d0,unmeasured-product-commit,,0,fix(lynxtron): project VCS state from the connector runtime,shell,existing-thread-working-light-native-responsive-certification,existing-thread-working-header-git-publish-fix-current,This interval ends in an explicit evidence measurement; no independent before/after measurement supports assigning its delta to this commit.
2026-08-16T11:42:06+09:00,0b5d7a25215ba37a91f494f2d8f6f441fb86c4d0,measured-product-change,-0.0013,0.99,Existing Thread Working Header Git publish fix,transcript,existing-thread-working-light-native-responsive-certification,existing-thread-working-header-git-publish-fix-current,"The retained before and after Header captures share the immutable running session, clean no-remote repository, light theme, 1440x900 viewport, final semantic readiness gates, and Web authority. Harness mismatches are recorded separately and do not enter the product delta."
2026-08-16T11:42:06+09:00,0b5d7a25215ba37a91f494f2d8f6f441fb86c4d0,evidence-session,0,0.99,Existing Thread Working Native Git publish certification,,existing-thread-working-header-git-publish-fix-current,existing-thread-working-native-git-publish-certification-current,The exact staged Native bundle independently corroborates the product repair and closes the prior Browser-only interaction gap without assigning another measured pixel delta.
2026-08-16T11:36:55+09:00,66767382708ee72d19a365cf2a6e3807eefacef8,unmeasured-product-commit,,0,test(lynxtron): verify Native Publish wizard,shell,existing-thread-working-native-git-publish-certification-current,settings-beta-mutation-native-certification-current,This interval ends in an explicit evidence measurement; no independent before/after measurement supports assigning its delta to this commit.
2026-08-16T11:46:01+09:00,bb6644858e056d688dd6de1a9b70134ce34b9c75,unmeasured-product-commit,,0,docs(lynxtron): record Header Git publish fidelity,shell,existing-thread-working-native-git-publish-certification-current,settings-beta-mutation-native-certification-current,This interval ends in an explicit evidence measurement; no independent before/after measurement supports assigning its delta to this commit.
2026-08-16T11:47:42+09:00,1b685a3e275f5b8b7e4405876969e3f84a975d73,unmeasured-product-commit,,0,docs(lynxtron): register Header Git publish fidelity,shell,existing-thread-working-native-git-publish-certification-current,settings-beta-mutation-native-certification-current,This interval ends in an explicit evidence measurement; no independent before/after measurement supports assigning its delta to this commit.
2026-08-16T11:49:55+09:00,dd8335d3f425328ca515ec042079d401a2f5b5ca,unmeasured-product-commit,,0,docs(lynxtron): refresh Header Git publish loss report,shell,existing-thread-working-native-git-publish-certification-current,settings-beta-mutation-native-certification-current,This interval ends in an explicit evidence measurement; no independent before/after measurement supports assigning its delta to this commit.
2026-08-16T12:10:37+09:00,e40397b226d26502315aa1b0a6060263705de117,unmeasured-product-commit,,0,fix(lynxtron): catch detached browser leaks,shell,existing-thread-working-native-git-publish-certification-current,settings-beta-mutation-native-certification-current,This interval ends in an explicit evidence measurement; no independent before/after measurement supports assigning its delta to this commit.
2026-08-16T12:18:11+09:00,0bed0d8bd789ef69872cfa6131d644851fb63f07,unmeasured-product-commit,,0,fix(lynxtron): expose beta toggle state,settings+shell,existing-thread-working-native-git-publish-certification-current,settings-beta-mutation-native-certification-current,This interval ends in an explicit evidence measurement; no independent before/after measurement supports assigning its delta to this commit.
2026-08-16T12:19:29+09:00,0bed0d8bd789ef69872cfa6131d644851fb63f07,evidence-session,-0.003259,0.99,Settings Beta Native mutation certification,settings,existing-thread-working-native-git-publish-certification-current,settings-beta-mutation-native-certification-current,The run closes previously unknown Native mutation and persistence cells without assigning a product delta or changing the existing Browser material residual.
2026-08-16T12:19:51+09:00,f1da007ee4b2a402683390db431b857bb21b4ca2,unmeasured-product-commit,,0,test(lynxtron): verify beta persistence,shell,settings-beta-mutation-native-certification-current,lifecycle-native-recovery-certification-current,This interval ends in an explicit evidence measurement; no independent before/after measurement supports assigning its delta to this commit.
2026-08-16T12:22:16+09:00,910f29e09f3783b10526ad82160984bd6759d458,unmeasured-product-commit,,0,docs(lynxtron): record beta mutation fidelity,settings,settings-beta-mutation-native-certification-current,lifecycle-native-recovery-certification-current,This interval ends in an explicit evidence measurement; no independent before/after measurement supports assigning its delta to this commit.
2026-08-16T12:25:24+09:00,3d5cc22236944a09205f2850d8fbaf35edcab8c4,unmeasured-product-commit,,0,docs(lynxtron): register beta mutation fidelity,shell,settings-beta-mutation-native-certification-current,lifecycle-native-recovery-certification-current,This interval ends in an explicit evidence measurement; no independent before/after measurement supports assigning its delta to this commit.
2026-08-16T12:28:29+09:00,f73ccbbfb1db524f14af73a00676f2d5e15d20dc,unmeasured-product-commit,,0,docs(lynxtron): refresh beta mutation loss report,shell,settings-beta-mutation-native-certification-current,lifecycle-native-recovery-certification-current,This interval ends in an explicit evidence measurement; no independent before/after measurement supports assigning its delta to this commit.
2026-08-16T12:49:10+09:00,018814968c30c7517fb9983d59b7d89f98b2bfc0,unmeasured-product-commit,,0,fix(client): disable blocked working actions,composer,settings-beta-mutation-native-certification-current,lifecycle-native-recovery-certification-current,This interval ends in an explicit evidence measurement; no independent before/after measurement supports assigning its delta to this commit.
2026-08-16T12:49:53+09:00,a460f56aed70c16b95348da9a52a9510a4be6dcf,unmeasured-product-commit,,0,fix(lynxtron): quiet canceled VCS refreshes,shell,settings-beta-mutation-native-certification-current,lifecycle-native-recovery-certification-current,This interval ends in an explicit evidence measurement; no independent before/after measurement supports assigning its delta to this commit.
2026-08-16T12:51:54+09:00,a460f56aed70c16b95348da9a52a9510a4be6dcf,measured-product-change,-0.004887,0.99,Lifecycle Native Recovery certification,shell,settings-beta-mutation-native-certification-current,lifecycle-native-recovery-certification-current,The failing and passing exact-bundle runs share the same isolated running-session fixture and lifecycle path. The product fixes directly change unavailable action projection and disconnect-canceled VCS reporting; the idle assumption is recorded separately as a harness mismatch.
2026-08-16T12:50:35+09:00,94297adf8e3b4585b9401a418b2a987976c9f198,unmeasured-product-commit,,0,test(lynxtron): preserve session state in recovery,shell,lifecycle-native-recovery-certification-current,settings-archive-mutation-native-certification-current,This interval ends in an explicit evidence measurement; no independent before/after measurement supports assigning its delta to this commit.
2026-08-16T12:52:56+09:00,c2bfd9f0f50bfc609caad6400927f1e5aee66706,unmeasured-product-commit,,0,docs(lynxtron): record lifecycle recovery fidelity,shell,lifecycle-native-recovery-certification-current,settings-archive-mutation-native-certification-current,This interval ends in an explicit evidence measurement; no independent before/after measurement supports assigning its delta to this commit.
2026-08-16T12:55:43+09:00,75d43e89974bb9a9e4aed6564d2ada873926a80d,unmeasured-product-commit,,0,docs(lynxtron): register lifecycle recovery fidelity,shell,lifecycle-native-recovery-certification-current,settings-archive-mutation-native-certification-current,This interval ends in an explicit evidence measurement; no independent before/after measurement supports assigning its delta to this commit.
2026-08-16T12:58:59+09:00,adf5dfa5d4becaf533b0e78ffd722d38879b5ed8,unmeasured-product-commit,,0,docs(lynxtron): refresh lifecycle recovery loss report,shell,lifecycle-native-recovery-certification-current,settings-archive-mutation-native-certification-current,This interval ends in an explicit evidence measurement; no independent before/after measurement supports assigning its delta to this commit.
2026-08-16T13:08:45+09:00,17d091ec7196adf672abf118798e1569d92b9cae,unmeasured-product-commit,,0,test(lynxtron): expose archive mutation state,settings+shell,lifecycle-native-recovery-certification-current,settings-archive-mutation-native-certification-current,This interval ends in an explicit evidence measurement; no independent before/after measurement supports assigning its delta to this commit.
2026-08-16T13:09:39+09:00,a3458c43b48a3804c0ff04102d298c5e35234472,unmeasured-product-commit,,0,test(lynxtron): verify archive mutation persistence,shell,lifecycle-native-recovery-certification-current,settings-archive-mutation-native-certification-current,This interval ends in an explicit evidence measurement; no independent before/after measurement supports assigning its delta to this commit.
2026-08-16T13:10:46+09:00,a3458c43b48a3804c0ff04102d298c5e35234472,evidence-session,-0.003259,0.99,Settings Archive Native mutation certification,settings,lifecycle-native-recovery-certification-current,settings-archive-mutation-native-certification-current,The exact-bundle run closes previously unknown Native Archive mutation cells without assigning a product delta or altering unmeasured visual residuals.
2026-08-16T13:11:52+09:00,c3c8d225a1073addcf9290c1670d53a3c8e2d26c,unmeasured-product-commit,,0,docs(lynxtron): record archive mutation fidelity,settings,settings-archive-mutation-native-certification-current,settings-connections-mutation-native-certification-current,This interval ends in an explicit evidence measurement; no independent before/after measurement supports assigning its delta to this commit.
2026-08-16T13:14:24+09:00,63ce4e99019b140a0b5b59b55c13a8f531ffe820,unmeasured-product-commit,,0,docs(lynxtron): register archive mutation fidelity,shell,settings-archive-mutation-native-certification-current,settings-connections-mutation-native-certification-current,This interval ends in an explicit evidence measurement; no independent before/after measurement supports assigning its delta to this commit.
2026-08-16T13:16:16+09:00,c44cc96826878092e7545552fbfe145f0a587e12,unmeasured-product-commit,,0,docs(lynxtron): refresh archive mutation loss report,shell,settings-archive-mutation-native-certification-current,settings-connections-mutation-native-certification-current,This interval ends in an explicit evidence measurement; no independent before/after measurement supports assigning its delta to this commit.
2026-08-16T13:26:33+09:00,0dec2249926eafd0e1ba4b3ac9e53125cd6a4710,unmeasured-product-commit,,0,fix(lynxtron): clear revoked pairing codes,settings,settings-archive-mutation-native-certification-current,settings-connections-mutation-native-certification-current,This interval ends in an explicit evidence measurement; no independent before/after measurement supports assigning its delta to this commit.
2026-08-16T13:28:31+09:00,55ae2fab563628f7abd9a680b54640790cde8f52,unmeasured-product-commit,,0,fix(lynxtron): wire revoked pairing cleanup,settings,settings-archive-mutation-native-certification-current,settings-connections-mutation-native-certification-current,This interval ends in an explicit evidence measurement; no independent before/after measurement supports assigning its delta to this commit.
2026-08-16T13:32:01+09:00,55ae2fab5,measured-product-change,-0.003258,0.99,Settings Connections Native mutation certification,settings,settings-archive-mutation-native-certification-current,settings-connections-mutation-native-certification-current,"The failing and passing exact-bundle runs share the same isolated state, route, access scope, viewport, and create/revoke sequence. The product fix directly changes the stale local credential state without changing the access service or visual scope."
2026-08-16T13:29:39+09:00,7255b977742b14089680fbeaca7cea1170f5f99d,unmeasured-product-commit,,0,test(lynxtron): expose pairing mutation state,settings+shell,settings-connections-mutation-native-certification-current,existing-thread-failed-current-brand-fix,This interval ends in an explicit evidence measurement; no independent before/after measurement supports assigning its delta to this commit.
2026-08-16T13:30:45+09:00,7e717ab1cb2399e82d0a4477b66e71a36a7fa33e,unmeasured-product-commit,,0,test(lynxtron): verify pairing revoke persistence,shell,settings-connections-mutation-native-certification-current,existing-thread-failed-current-brand-fix,This interval ends in an explicit evidence measurement; no independent before/after measurement supports assigning its delta to this commit.
2026-08-16T13:33:13+09:00,a6affe62a51971dc09c685fc46e44bcd0378e53e,unmeasured-product-commit,,0,docs(lynxtron): record connections mutation fidelity,settings,settings-connections-mutation-native-certification-current,existing-thread-failed-current-brand-fix,This interval ends in an explicit evidence measurement; no independent before/after measurement supports assigning its delta to this commit.
2026-08-16T13:35:35+09:00,660a95d3c9c1207da3cf1797b3060745302298d5,unmeasured-product-commit,,0,docs(lynxtron): register connections mutation fidelity,shell,settings-connections-mutation-native-certification-current,existing-thread-failed-current-brand-fix,This interval ends in an explicit evidence measurement; no independent before/after measurement supports assigning its delta to this commit.
2026-08-16T13:37:30+09:00,5dff6ed05d60fb6e7f01cdfa99c7ff427bc3b330,unmeasured-product-commit,,0,docs(lynxtron): refresh connections mutation loss report,shell,settings-connections-mutation-native-certification-current,existing-thread-failed-current-brand-fix,This interval ends in an explicit evidence measurement; no independent before/after measurement supports assigning its delta to this commit.
2026-08-16T13:48:48+09:00,761d87a000e1a4153fda7b1cd4f04c0b80c98654,unmeasured-product-commit,,0,test(lynxtron): declare transcript fixture identity,transcript+shell,settings-connections-mutation-native-certification-current,existing-thread-failed-current-brand-fix,This interval ends in an explicit evidence measurement; no independent before/after measurement supports assigning its delta to this commit.
2026-08-16T14:00:50+09:00,9779a5864179051b0463b15e6f641c6668d5c5bb,unmeasured-product-commit,,0,fix(lynxtron): align the base Sidebar brand,shell,settings-connections-mutation-native-certification-current,existing-thread-failed-current-brand-fix,This interval ends in an explicit evidence measurement; no independent before/after measurement supports assigning its delta to this commit.
2026-08-16T14:03:03+09:00,9779a5864,measured-product-change,-0.008635,0.99,Existing Thread Failed current brand fix,transcript,settings-connections-mutation-native-certification-current,existing-thread-failed-current-brand-fix,"Direct before and after Browser captures share the same immutable failed-turn snapshot, route, session projection, dark theme, 1280x820 viewport, bundles except for the one-token brand offset, and zero-error gates. Transcript pixels are unchanged."
